-2e-05,0.01099568438384547,-1.171096209571472e-24,-5.243113188963942e-25,3.808123845519025e-25,-0.0006283143965558957,0
8.000000000000001e-05,0.1044440174357199,-0.03115173607634781,-0.005962689705241873,-0.02518904637114676,0.002513009544333748,-0.0005231437871477454
0.00018,0.1095795388923659,-0.03286875504065898,-0.006227028555032718,-0.02664172648562635,0.005651853448202454,-0.0005477725498501917
0.00028,0.1096272836756823,-0.03289337223811911,-0.006230785848767959,-0.02666258638807654,0.008785119655074319,-0.0005481238850399569
0.00038,0.1093287137923952,-0.03280614196743348,-0.006217467926490289,-0.02658867403967273,0.01190971600948697,-0.0005468787222432371
0.00048,0.1089109737652236,-0.03268276827380409,-0.006198612357669464,-0.02648415591487007,0.01502255891207571,-0.0005451165919529033
0.00058,0.108385303856854,-0.03252697606100641,-0.00617476951426094,-0.026352206545491,0.01812057636271374,-0.0005428896767266462
0.0006799999999999999,0.1077527757478508,-0.03233909665060569,-0.00614596723727109,-0.02619312941209427,0.02120071099220546,-0.0005402014704347009
0.00078,0.1070140777678707,-0.03211933008982112,-0.006112208581079311,-0.02600712150752229,0.02425992307954074,-0.000537053322096266
0.00088,0.106169979544631,-0.03186790012690963,-0.006073495473076969,-0.02579440465263783,0.02729519355173252,-0.00053344664074084
0.00098,0.1052213532392699,-0.03158506135485082,-0.006029829800336601,-0.02555523155334583,0.03030352696327739,-0.0005293829888706815
0.00108,0.1041691735847769,-0.03127109929086379,-0.005981213412820836,-0.02528988587804297,0.03328195445229867,-0.0005248640739920809
0.00118,0.1030145168151553,-0.03092633008927647,-0.00592764808370422,-0.02499868200557226,0.03622753667045457,-0.0005198917342744476
0.00128,0.1017585594535462,-0.03055110021018929,-0.005869135435113745,-0.02468196477507556,0.03913736668372025,-0.0005144679223992943
0.00138,0.1004025769903003,-0.0301457860541332,-0.00580567688580802,-0.02434010916832518,0.04200857284118063,-0.0005085946888828369
0.00148,0.09894794247176873,-0.02971079356935495,-0.00573727358159934,-0.02397351998775561,0.04483832160900322,-0.0005022741644058762
0.00158,0.09739612499208088,-0.02924655782891353,-0.00566392632472673,-0.0235826315041868,0.04762382036679391,-0.0004955085416399093
0.00168,0.09574868809329118,-0.02875354257913086,-0.005585635500376823,-0.02316790707875404,0.05036232016357609,-0.000488300056779524
0.00178,0.09400728807571203,-0.02823223975975579,-0.00550240100116189,-0.0227298387585939,0.05305111843067341,-0.0004806509710541674
0.00188,0.09217367222070166,-0.02768316899635178,-0.005414222150532697,-0.02226894684581909,0.0556875616488188,-0.0004725635525215652
0.00198,0.09024967692821523,-0.0271068770654371,-0.00532109762626919,-0.02178577943916791,0.05826904796685761,-0.0004640400584730881
0.00208,0.08823722577149586,-0.02650393733293348,-0.005223025385376934,-0.02128091194755656,0.06079302976946056,-0.0004550827188097655
0.00218,0.08613832747130014,-0.02587494916649238,-0.005120002591918183,-0.0207549465745742,0.06325701619131245,-0.0004456937207757799
0.00228,0.08395507379210239,-0.02522053732229217,-0.005012025549527272,-0.02020851177276491,0.06565857557529564,-0.000435875195463873
0.00238,0.08168963736273806,-0.02454135130691441,-0.004899089640596472,-0.01964226166631794,0.06799533787224192,-0.0004256292065333227
0.00248,0.07934426942400766,-0.02383806471493695,-0.004781189274373431,-0.01905687544056352,0.07026499697988492,-0.0004149577416054726
0.00258,0.0769212975057771,-0.02311137454289863,-0.004658317846478177,-0.01845305669642046,0.07246531301870467,-0.0004038627068230645
0.00268,0.0744231230361528,-0.0223620004803163,-0.004530467712627399,-0.01783153276768891,0.07459411454241821,-0.0003923459250769675
0.00278,0.07185221888537001,-0.02159068417846749,-0.004397630179642315,-0.01719305399882519,0.07664930068093499,-0.0003804091384163326
0.00288,0.06921112684706125,-0.02079818849767634,-0.004259795517107074,-0.01653839298056927,0.0786288432136619,-0.0003680540151640705
0.00298,0.06650245505966397,-0.0199852967338843,-0.004116952993336261,-0.01586834374054805,0.08053078857111221,-0.0003552821622580048
0.00308,0.06372887537075789,-0.01915281182531424,-0.003969090939590168,-0.01518372088572409,0.08235325976284275,-0.0003420951433270352
0.00318,0.06089312064724938,-0.01830155554009266,-0.003816196846744865,-0.01448535869334781,0.08409445822981691,-0.0003284945029903314
0.00328,0.05799798203437289,-0.01743236764572966,-0.00365825749886328,-0.0137741101468664,0.08575266561936523,-0.0003144817978336397
0.00338,0.05504630616662406,-0.01654610506141959,-0.003495259148321705,-0.0130508459130979,0.08732624548099201,-0.0003000586344694352
0.00348,0.05204099233383412,-0.01564364099417371,-0.003327187737304719,-0.01231645325686902,0.08881364488135446,-0.0002852267150247596
0.00358,0.04898498960572853,-0.01472586405985715,-0.003154029170582345,-0.01157183488927483,0.0902133959368203,-0.000269987890321248
0.00368,0.04588129391848433,-0.01379367739027461,-0.002975769644513473,-0.01081790774576117,0.09152411726209175,-0.0002543442209149408
0.00378,0.04273294512690971,-0.01284799772750314,-0.002792396037158829,-0.01005560169034435,0.09274451533346614,-0.0002382980460477328
0.00388,0.0395430240260318,-0.0118897545067395,-0.002603896364227475,-0.009285858142512055,0.09387338576538741,-0.0002218520604278981
0.00398,0.03631464934608179,-0.01091988892901087,-0.002410260305307391,-0.008509628623703518,0.09490961449902946,-0.0002050093986041572
0.00408,0.03305097472491532,-0.009939353025132221,-0.002211479804417907,-0.007727873220714355,0.09585217890173761,-0.000187773726525984
0.004180000000000001,0.02975518566213125,-0.008949108712378612,-0.002007549748375178,-0.00694155896400348,0.09670014877624351,-0.0001701493396954418
0.00428,0.02643049645921273,-0.007950126845376753,-0.00179846872575049,-0.006151658119626313,0.09745268727865772,-0.0001521412671134774
0.00438,0.02308014715007733,-0.006943386262753223,-0.001584239868324648,-0.005359146394428631,0.09810905174433342,-0.0001337553800102631
0.00448,0.01970740042651249,-0.005929872831116428,-0.001364871775895758,-0.004565001055220732,0.09866859442078679,-0.0001149985041293375
0.00458,0.01631553856291437,-0.004910578487941848,-0.001140379524069006,-0.00377019896387291,0.09913076310695067,-9.587853411320796e-05
0.00468,0.01290786034466208,-0.003886500284910739,-0.0009107857532545285,-0.002975714531656286,0.09949510169813003,-7.64045483205433e-05
0.00478,0.009487678004385793,-0.002858639433233727,-0.0006761218355339736,-0.002182517597699835,0.09976125063612253,-5.658692219953138e-05
0.00488,0.006058314170056406,-0.00182800035239074,-0.0004364291143231917,-0.001391571238067638,0.09992894726405893,-3.643743815469744e-05
0.00498,0.00262309882860757,-0.0007955897236487933,-0.0001917602099021155,-0.0006038295137467741,0.09999802608561371,-1.596938968606905e-05
0.00508,-0.0008146336916356265,0.0002375844504208967,5.781961809159406e-05,0.0001797648323294066,0.09996841892833,4.802322543085647e-06
0.005180000000000001,-0.004251547716937317,0.001270513779365333,0.0003122310621554929,0.0009582827172099516,0.0998401550108975,2.586110513094306e-05
0.00528,-0.007684309200294418,0.002302190410329508,0.0005713793254334467,0.00173081108489618,0.09961336091431727,4.718859929860993e-05
0.00538,-0.01110958866816682,0.003331607944933597,0.0008351526623412893,0.002496455282592435,0.09928826045698137,6.876462359534383e-05
0.00548,-0.01452406414088227,0.004357762347111924,0.001103420918401796,0.003254341428710262,0.0988651744737914,9.056713424916001e-05
0.00558,-0.01792442402660754,0.005379652841746377,0.001376034088254727,0.00400361875349179,0.09834452049953298,0.0001125722052878868
0.00568,-0.02130736998946633,0.006396282804163481,0.001652820912479674,0.004743461891683954,0.09772681235681935,0.0001347540303041475
0.00578,-0.02466961979319098,0.007406660640836459,0.001933587535293193,0.005473073105543421,0.09701265964901058,0.0001570849474131652
0.00588,-0.02800791012240939,0.008409800661878398,0.002218116246280874,0.006191684415597685,0.09620276715860859,0.0001795354885569482
0.00598,-0.03131899938427962,0.009404723946125158,0.002506164330039192,0.006898559616086129,0.09529793415172187,0.0002020744538489737
0.00608,-0.03459967049375256,0.0103904591998035,0.002797463047883687,0.007592996151919986,0.09429905358928646,0.0002246690111402452
0.006180000000000001,-0.03784673364614862,0.01136604360992472,0.00309171677557576,0.008274326834349137,0.09320711124582109,0.0002472848204329253
0.00628,-0.04105702908091922,0.01233052369361778,0.003388602320291542,0.008941921373326415,0.09202318473658705,0.0002698861821870038
0.00638,-0.04422742984059989,0.01328295614466953,0.00368776843879904,0.009595187705870666,0.09074844245411169,0.0002924362079780472
0.006480000000000001,-0.04735484452867849,0.01422240867846135,0.003988835576987082,0.01023357310147444,0.08938414241512638,0.000314897011387143
0.00658,-0.05043622006984549,0.01514796087641447,0.004291395848554406,0.01085656502786024,0.08793163101905563,0.0003372299164613157
0.00668,-0.05346854447539075,0.01605870503083907,0.004595013267807264,0.01146369176303197,0.08639234171928355,0.0003593956805910107
0.00678,-0.05644884961579525,0.01695374699085465,0.004899224248217336,0.01205452274263748,0.08476779360850832,0.0003813547282328877
0.006880000000000001,-0.05937421400153258,0.01783220700972092,0.005203538374695228,0.01262866863502586,0.08305958991958128,0.0004030673915759794
0.00698,-0.06224176557202096,0.01869322059357327,0.005507439453545594,0.01318578114002784,0.08126941644330941,0.0004244941540231115
0.00708,-0.06504868449137222,0.01953593935114267,0.00581038683986335,0.01372555251127947,0.07939903986478353,0.0004455958922459812
0.007180000000000001,-0.06779220594835242,0.02035953184364235,0.00611181703783764,0.01424771480580485,0.07745030601987336,0.0004663341125790143
0.00728,-0.07046962295664054,0.02116318443357737,0.006411145565144023,0.01475203886843348,0.07542513807361037,0.0004866711776434991
0.00738,-0.07307828915019698,0.02194610213082444,0.006707769068450341,0.01523833306237423,0.07332553462225599,0.0005065705193362659
0.007480000000000001,-0.07561562156741754,0.02270750943396515,0.007001067673154018,0.01570644176081127,0.07115356772092851,0.0005259968346679494
0.00758,-0.07807910341671087,0.023446651164526,0.007290407546903753,0.01615624361762236,0.06891138083873484,0.0005449162613809454
0.00768,-0.08046628681529383,0.02416279329151249,0.007575143653333982,0.01658764963817861,0.06660118674342518,0.0005632965308003826
0.00778,-0.082774795492336,0.02485522374341962,0.007854622669827383,0.01700060107359233,0.06422526531765842,0.0005811070959531093
0.007880000000000002,-0.08500232744719755,0.02552325320478548,0.00812818604108452,0.01739506716370106,0.0617859613090334,0.000598319233609319
0.007980000000000001,-0.08714665755332597,0.02616621589430907,0.008395173138847087,0.01777104275546206,0.0592856820161059,0.0006149061195368252
0.00808,-0.08920564009836893,0.02678347032156649,0.008654924497301241,0.01812854582426532,0.05672689491267564,0.0006308428768875872
0.008180000000000002,-0.09117721125138852,0.02737440001947875,0.008906785093492142,0.01846761492598667,0.05411212521268755,0.0006461065982413945
0.008280000000000001,-0.0930593914484619,0.02793841424983141,0.009150107642452924,0.01878830660737855,0.05144395337815064,0.0006606763423933209
0.008380000000000002,-0.09485028768861764,0.0284749486793769,0.009384255877668567,0.01909069280170838,0.04872501257253319,0.0006745331074766101
0.008480000000000001,-0.09654809573270132,0.02898346602427735,0.009608607788863865,0.01937485823541353,0.04595798606214876,0.000687659782447938
0.008580000000000001,-0.09815110219873757,0.02946345666097392,0.009822558790898293,0.01964089787007566,0.04314560456809589,0.0007000410793227591
0.008680000000000002,-0.09965768654806721,0.02991443920181862,0.01002552479961531,0.01988891440220335,0.04029064357136619,0.0007116634488262509
0.008780000000000001,-0.1010663229575675,0.03033596103414819,0.010216945192821,0.02011901584132723,0.03739592057377999,0.0007225149823243646
0.008880000000000001,-0.1023755820741094,0.03072759882176722,0.01039628563701061,0.02033131318475663,0.03446429231745166,0.0007325853030181271
0.008980000000000002,-0.1035841326481612,0.0310889589680651,0.01056304076295124,0.02052591820511389,0.03149865196553042,0.0007418654494286036
0.009080000000000001,-0.1046907430443716,0.03141967804029499,0.01071673667572677,0.02070294136456824,0.02850192624699756,0.0007503477541785327
0.009180000000000001,-0.1056942826275644,0.0317194231547459,0.01085693328722512,0.0208624898675208,0.02547707256833819,0.000758025720994251
0.009280000000000002,-0.1065937230232039,0.0319878923227461,0.010983226461288,0.02100466586145812,0.02242707609493806,0.0007648939027197531
0.009380000000000001,-0.1073881392519608,0.03222481475762051,0.01109524996379554,0.02112956479382498,0.01935494680508598,0.0007709477829621397
0.009480000000000001,-0.1080767107384428,0.03242995114286606,0.01119267721177784,0.02123727393108824,0.01626371651948834,0.000776183663782657
0.009580000000000002,-0.1086587221944701,0.03260309386190909,0.01127522281721334,0.02132787104469576,0.0131564359092282,0.0007805985616182351
0.009680000000000001,-0.1091335643776441,0.0327440671899218,0.0113426439225061,0.02140142326741572,0.01003617148512145,0.0007841901133735773
0.00978,-0.1095007347261822,0.03285272744824122,0.01139474132570329,0.02145798612253794,0.006906002571440562,0.0007869564943678651
0.009880000000000002,-0.1097598378711314,0.03292896312197294,0.01143136039434109,0.02149760272763186,0.003769018266993409,0.0007888963495582968
0.009980000000000001,-0.1099105860273249,0.03297269494143096,0.01145239176743866,0.02152030317399232,0.0006283143965558685,0.0007900087391999362
0.01008,-0.1099527992645619,0.03298387592809305,0.0114577718455897,0.02152610408250336,-0.002513009544333802,0.0007902930998380498
0.01018,-0.1098864056605749,0.03296249140576738,0.01144748306937617,0.02151500833639123,-0.005651853448202487,0.0007897492212672589
0.01028,-0.1097114413376207,0.03290855897773878,0.01142155398651873,0.02148700499122006,-0.008785119655074334,0.0007883772398332788
0.01038,-0.109428050384533,0.03282212847065289,0.01138005910825984,0.02144206936239307,-0.01190971600948706,0.0007861776481939456
0.01048,-0.1090364846663442,0.03270328184596807,0.01132311855556703,0.02138016329040106,-0.01502255891207573,0.0007831513213998552
0.01058,-0.1085371035237675,0.03255213307984908,0.01125089749583969,0.02130123558400941,-0.01812057636271374,0.0007792995588976378
0.01068,-0.1079303733648624,0.03236882801237641,0.01116360537093512,0.02120522264144132,-0.02120071099220554,0.0007746241417993243
0.01078,-0.1072168671516329,0.03215354416706185,0.01106149491761815,0.02109204924944371,-0.0242599230795408,0.0007691274045031655
0.01088,-0.106397263784343,0.03190649054166117,0.01094486098190834,0.02096162955975285,-0.02729519355173257,0.0007628123194889565
0.01098,-0.1054723473865008,0.03162790737131352,0.01081403912935691,0.02081386824195663,-0.03030352696327747,0.0007556825938494535
0.01108,-0.1044430064937461,0.03131806586511017,0.0106694040540584,0.02064866181105179,-0.03328195445229871,0.0007477427758610277
0.01118,-0.1033102331499025,0.03097726791718966,0.01051136779015512,0.02046590012703456,-0.03622753667045461,0.0007389983696417788
0.01128,-0.1020751219135197,0.03060584579346228,0.01034037773078337,0.02026546806267893,-0.0391373666837203,0.0007294559557009723
0.01138,-0.1007388687783058,0.03020416179507096,0.01015691446083544,0.02004724733423555,-0.04200857284118066,0.0007191233149554855
0.01148,-0.09930277001073914,0.02977260789964619,0.009961489411541225,0.019811118488105,-0.04483832160900326,0.0007080095535827813
0.01158,-0.09776822090795471,0.02931160538133199,0.009754642346703105,0.01955696303462893,-0.04762382036679396,0.0006961252259044869
0.01168,-0.09613671447883192,0.02882160441048607,0.009536938692437179,0.01928466571804893,-0.05036232016357611,0.0006834824523597831
0.01178,-0.09440984005077797,0.02830308363380251,0.009308966724406512,0.01899411690939604,-0.05305111843067342,0.0006700950295404027
0.01188,-0.09258928180425735,0.02775654973544248,0.0090713346287623,0.01868521510668023,-0.05568756164881884,0.0006559785292301096
0.01198,-0.09067681723659193,0.02718253697957066,0.008824667455271764,0.01835786952429895,-0.05826904796685763,0.0006411503834290156
0.01208,-0.08867431555590916,0.0265816067344675,0.00856960398333351,0.01801200275113405,-0.06079302976946058,0.0006256299524538408
0.01218,-0.08658373600535349,0.02595434697812595,0.008306793523692577,0.01764755345443344,-0.06325701619131248,0.0006094385733947171
0.01228,-0.08440712611705831,0.02530137178502071,0.008036892680621873,0.01726447910439892,-0.06565857557529566,0.0005925995864823026
0.01238,-0.08214661989447834,0.02462332079343659,0.007760562101002257,0.01686275869243442,-0.06799533787224198,0.0005751383372725983
0.01248,-0.07980443592105281,0.02392085865252131,0.007478463238100079,0.01644239541442133,-0.07026499697988496,0.000557082152991843
0.01258,-0.07738287539249916,0.02319467444799942,0.007191255158795424,0.0160034192892041,-0.07246531301870471,0.0005384602918908301
0.01268,-0.07488432006937583,0.02244548110526146,0.006899591423497011,0.01554588968176457,-0.07459411454241827,0.0005193038650266596
0.01278,-0.07231123014627075,0.02167401476843985,0.006604117067979587,0.01506989770046039,-0.07664930068093502,0.0004996457305088035
0.01288,-0.0696661420336107,0.02088103415396355,0.00630546571580028,0.01457556843816341,-0.07862884321366193,0.0004795203608943536
0.01298,-0.06695166604807622,0.02006731987707682,0.006004256848819015,0.01406306302825794,-0.08053078857111222,0.0004589636850774681
0.01308,-0.06417048400781325,0.01923367374987397,0.005701093261643084,0.01353258048823104,-0.08235325976284275,0.0004380129066671756
0.01318,-0.0613253467289888,0.01838091804952302,0.005396558723545768,0.01298435932597741,-0.08409445822981691,0.0004167063014623905
0.01328,-0.05841907142092494,0.01750989475557851,0.00509121586862995,0.01241867888694873,-0.08575266561936526,0.0003950829971917714
0.01338,-0.0554545389778956,0.01662146475556981,0.004785604331758522,0.01183586042381146,-0.08732624548099205,0.0003731827391663985
0.01348,-0.0524346911667306,0.01571650701840563,0.004480239144134784,0.01123626787427102,-0.08881364488135446,0.0003510456458766803
0.01358,-0.04936252771057006,0.01479591773553881,0.004175609398473543,0.01062030833706545,-0.09021339593682032,0.0003287119588358339
0.01368,-0.04624110327045323,0.01386060943028444,0.003872177189562105,0.009988432240722517,-0.09152411726209179,0.0003062217911200747
0.01378,-0.04307352432783289,0.0129115100361561,0.003570376831776272,0.009341133204380002,-0.09274451533346616,0.0002836148790743372
0.01388,-0.03986294597241011,0.01194956194552646,0.003270614350891629,0.008678947594635011,-0.09387338576538742,0.0002609303415406816
0.01398,-0.03661256860109457,0.01097572103038934,0.002973267243452164,0.008002453786937355,-0.09490961449902947,0.0002382064507315688
0.01408,-0.03332563453505975,0.009990955637394595,0.002678684493104169,0.007312271144290602,-0.09585217890173763,0.0002154804185200599
0.01418,-0.03000542456292259,0.008996245559685105,0.00238718682978837,0.006609058729896906,-0.09670014877624351,0.0001927882014699729
0.01428,-0.0266552544189543,0.007992580988361071,0.002099067214586446,0.005893513773774794,-0.09745268727865772,0.0001701643273994663
0.01438,-0.02327847120580195,0.006980961446594556,0.00181459153039819,0.005166369916196528,-0.09810905174433343,0.0001476417456820935
0.01448,-0.01987844977166707,0.005962394709574196,0.001533999456549376,0.004428395253024976,-0.09866859442078682,0.0001252517028644425
0.01458,-0.01645858905196318,0.004937895713492256,0.001257505503901721,0.003680390209590685,-0.09913076310695067,0.0001030236445402673
0.01468,-0.01302230838538678,0.003908485456760509,0.0009853001860831345,0.002923185270677517,-0.09949510169813003,8.098514379143061e-05
0.01478,-0.009573043814063393,0.002875189896553134,0.0007175513020639245,0.002157638594489344,-0.09976125063612253,5.916185590621538e-05
0.01488,-0.006114244376888001,0.001839038843598856,0.0004544053054358847,0.0013846335381631,-0.09992894726405893,3.757749853275013e-05
0.01498,-0.002649368404536967,0.000801064857933,0.0001959887363745568,0.0006050761215585631,-0.09999802608561371,1.625385593483375e-05
0.01508,0.0008181201761190589,-0.0002376978519273536,-5.759030667874785e-05,-0.0001801075452487176,-0.09996841892833,-4.789194400090496e-06
0.01518,0.004284755521347731,-0.001276214524210824,-0.0003062406771568179,-0.0009699738470541103,-0.0998401550108975,-2.553363488906802e-05
0.01528,0.007747073527620493,-0.002313450931627901,-0.0005498866921472167,-0.001763564239480781,-0.09961336091431724,-4.596324306054988e-05
0.01538,0.01120161546129247,-0.003348374460018599,-0.0007884666636803062,-0.002559907796338382,-0.09928826045698134,-6.606351135461124e-05
0.01548,0.01464493155660525,-0.00437995517659052,-0.001021931465289214,-0.003358023711301388,-0.0988651744737914,-8.582155412296132e-05
0.01558,0.01807358457850836,-0.005407166886689166,-0.001250243147411732,-0.004156923739277509,-0.09834452049953296,-0.0001052260044535019
0.01568,0.02148415334745218,-0.006428988178263953,-0.001473373612985394,-0.004955614565278626,-0.09772681235681933,-0.0001242669033961183
0.01578,0.02487323622396255,-0.007444403453412588,-0.001691303362405615,-0.005753100091007034,-0.09701265964901057,-0.0001429355840619307
0.01588,0.02823745455123505,-0.008452403946534081,-0.001904020314907102,-0.006548383631627034,-0.09620276715860859,-0.0001612245529160771
0.01598,0.03157345605441322,-0.009451988728764432,-0.002111518711445789,-0.007340470017318692,-0.09529793415172187,-0.0001791273703957371
0.01608,0.03487791819546338,-0.01044216569845687,-0.002313798102321202,-0.008128367596135706,-0.09429905358928646,-0.0001966385327695434
0.01618,0.03814755148278591,-0.01142195255754659,-0.002510862421119425,-0.008911090136427212,-0.09320711124582111,-0.000213753356922057
0.01628,0.04137910273471113,-0.01239037777365049,-0.002702719145076249,-0.009687658628574274,-0.09202318473658702,-0.0002304678695050968
0.01638,0.04456935829613602,-0.01334648152778935,-0.002889378540684598,-0.01045710298710478,-0.09074844245411168,-0.0002467787016556611
0.01648,0.04771514720743077,-0.01428931664758565,-0.003070852992279246,-0.01121846365530643,-0.08938414241512638,-0.0002626829902425561
0.01658,0.05081334432465777,-0.01521794952576532,-0.003247156410437235,-0.01197079311532811,-0.08793163101905563,-0.0002781782863773007
0.01668,0.05386087339000566,-0.01613146102374974,-0.003418303716318121,-0.01271315730743165,-0.08639234171928355,-0.0002932624717129674
0.01678,0.05685471005116678,-0.0170289473600716,-0.00358431039752325,-0.01344463696254837,-0.08476779360850825,-0.0003079336828603348
0.01688,0.0597918848281421,-0.01790952098327261,-0.003745192130660142,-0.01416432885261248,-0.08305958991958119,-0.0003221902440758544
0.01698,0.06266948602587448,-0.01877231142891409,-0.003900964465553362,-0.01487134696336075,-0.08126941644330933,-0.0003360306082226156
0.01708,0.06548466259072071,-0.01961646616021159,-0.00405164256590364,-0.01556482359430797,-0.07939903986478349,-0.0003494533058717321
0.01718,0.06823462690878851,-0.02044115139180638,-0.004197241001184572,-0.01624391039062182,-0.07745030601987335,-0.0003624569023005002
0.01728,0.07091665754383543,-0.02124555289608485,-0.004337773584622752,-0.01690777931146211,-0.07542513807361034,-0.0003750399620507578
0.01738,0.07352810191233151,-0.02202887679142541,-0.004473253252248522,-0.0175556235391769,-0.07332553462225593,-0.000387201020637792
0.01748,0.07606637889313497,-0.02279035031170303,-0.004603691978199688,-0.01818665833350335,-0.07115356772092846,-0.0003989385629438735
0.01758,0.07852898136912774,-0.02352922255634809,-0.00472910072170176,-0.01880012183464634,-0.06891138083873478,-0.000410251007790024
0.01768,0.08091347869802915,-0.0242447652202142,-0.004849489401419497,-0.01939527581879471,-0.06660118674342512,-0.0004211366981527954
0.01778,0.08321751910959831,-0.02493627330250375,-0.004964866893172592,-0.01997140640933116,-0.0642252653176584,-0.0004315938964785823
0.01788,0.08543883202635391,-0.02560306579397205,-0.005075241047313843,-0.02052782474665821,-0.06178596130903342,-0.0004416207845436931
0.01798,0.08757523030494892,-0.02624448634162987,-0.00518061872238194,-0.02106386761924793,-0.05928568201610584,-0.0004512154673131797
0.01808,0.08962461239531383,-0.0268599038901527,-0.005281005831950227,-0.02157889805820248,-0.05672689491267557,-0.0004603759802631695
0.01818,0.09158496441480726,-0.02744871329923854,-0.005376407401901167,-0.02207230589733737,-0.05411212521268752,-0.0004691002996495249
0.01828,0.09345436213450241,-0.0280103359361179,-0.005466827635640791,-0.02254350830047711,-0.0514439533781506,-0.0004773863552271505
0.01838,0.09523097287499936,-0.02854422024249325,-0.005552269985054864,-0.02299195025743839,-0.04872501257253321,-0.0004852320449506672
0.01848,0.09691305730911208,-0.02904984227516675,-0.005632737225263337,-0.02341710504990342,-0.0459579860621487,-0.0004926352512145366
0.01858,0.09849897116891976,-0.02952670621965156,-0.005708231531474438,-0.02381847468817713,-0.04314560456809583,-0.0004995938582203501
0.01868,0.09998716685486901,-0.02997434487611378,-0.00577875455646696,-0.02419559031964682,-0.04029064357136621,-0.0005061057700895869
0.01878,0.10137619494458,-0.03039232011697557,-0.005844307507425569,-0.02454801260955001,-0.03739592057377999,-0.0005121689293698768
0.01888,0.1026647055995044,-0.03078022331565495,-0.005904891223685965,-0.02487533209109434,-0.03446429231745168,-0.0005177813356011062
0.01898,0.1038514498663421,-0.03113767574549165,-0.005960506238481262,-0.02517716950608393,-0.03149865196553047,-0.0005229410637408076
0.01908,0.1049352808751984,-0.03146432894959846,-0.006011152864321198,-0.02545317608430171,-0.02850192624699753,-0.000527646281920121
0.01918,0.1059151549258834,-0.03175986507881077,-0.006056831246829733,-0.02570303383095962,-0.02547707256833815,-0.0005318952686963233
0.01928,0.1067901324687068,-0.03202399719989771,-0.006097541427982472,-0.02592645577085198,-0.02242707609493807,-0.0005356864292578961
0.01938,0.1075593789734096,-0.03225646957193901,-0.006133283401429162,-0.02612318616940625,-0.019354946805086,-0.0005390183105406316
0.01948,0.1082221656870527,-0.03245705789113412,-0.00616405716245128,-0.02629300072754519,-0.01626371651948835,-0.0005418896150690015
0.01958,0.1087778702796708,-0.03262556950365041,-0.006189862752256915,-0.02643570675022474,-0.01315643590922825,-0.0005442992133845143
0.01968,0.1092259773770913,-0.0327618435862656,-0.006210700296407697,-0.02655114328866176,-0.01003617148512142,-0.0005462461549386942
0.01978,0.1095660789803479,-0.03286575129457645,-0.006226570037196135,-0.02663918125616038,-0.006906002571440531,-0.0005477296773542086
0.01988,0.1097978747715144,-0.03293719587865061,-0.006237472359861833,-0.02669972351755137,-0.003769018266993421,-0.0005487492139708876
0.01998,0.1099211723057065,-0.03297611276595012,-0.006243407812545263,-0.02673270495215192,-0.0006283143965558806,-0.0005493043996149227
0.02008,0.1099358870894969,-0.03298246961152344,-0.006244377119930734,-0.02673809249032803,0.002513009544333745,-0.0005493950745405403
0.02018,0.1098420425458653,-0.03295626631537887,-0.00624038119053081,-0.02671588512357682,0.005651853448202609,-0.000549021286517306
0.02028,0.1096397698661666,-0.03289753500707999,-0.006231421117605016,-0.02666611388820174,0.008785119655074456,-0.0005481832910458055
0.02038,0.1093293077498398,-0.0328063399976519,-0.006217498173724493,-0.02658884182265692,0.01190971600948701,-0.0005468815497005743
0.02048,0.1089110020324236,-0.03268277769883434,-0.006198613798996578,-0.02648416389857266,0.01502255891207572,-0.0005451167266162259
0.02058,0.1083853052029899,-0.03252697650987273,-0.006174769583009086,-0.02635220692560841,0.01812057636271373,-0.0005428896831457934
0.02068,0.1077527758120118,-0.03233909667200103,-0.006145967240553981,-0.02619312943020638,0.02120071099220544,-0.000540201470741015
0.02078,0.1070140777709382,-0.03211933009084389,-0.006112208581236768,-0.02600712150838828,0.02425992307954087,-0.0005370533221108246
0.02088,0.1061699795447618,-0.03186790012695758,-0.006073495473084112,-0.02579440465267612,0.02729519355173264,-0.0005334466407416647
0.02098,0.1052213532392773,-0.03158506135485328,-0.006029829800337122,-0.02555523155334826,0.0303035269632775,-0.0005293829888707625
0.02108,0.1041691735847771,-0.03127109929086386,-0.005981213412820846,-0.02528988587804301,0.03328195445229875,-0.0005248640739920819
0.02118,0.1030145168151546,-0.03092633008927626,-0.005927648083704187,-0.02499868200557208,0.03622753667045463,-0.0005198917342744454
0.02128,0.101758559453545,-0.03055110021018894,-0.005869135435113689,-0.02468196477507526,0.03913736668372028,-0.0005144679223992891
0.02138,0.1004025769903033,-0.03014578605413409,-0.005805676885808161,-0.02434010916832593,0.04200857284118074,-0.0005085946888828488
0.02148,0.09894794247176812,-0.02971079356935477,-0.005737273581599311,-0.02397351998775546,0.04483832160900332,-0.0005022741644058732
0.02158,0.09739612499208021,-0.02924655782891333,-0.005663926324726697,-0.02358263150418663,0.04762382036679399,-0.0004955085416399056
0.02168,0.09574868809329021,-0.02875354257913057,-0.005585635500376778,-0.0231679070787538,0.05036232016357614,-0.0004883000567795192
0.02178,0.09400728807571174,-0.02823223975975571,-0.005502401001161878,-0.02272983875859383,0.05305111843067345,-0.000480650971054166
0.02188,0.09217367222070119,-0.02768316899635163,-0.005414222150532672,-0.02226894684581896,0.05568756164881883,-0.0004725635525215638
0.02198,0.09024967692821707,-0.02710687706543765,-0.005321097626269279,-0.02178577943916838,0.0582690479668577,-0.0004640400584730962
0.02208,0.0882372257714948,-0.02650393733293317,-0.005223025385376881,-0.02128091194755629,0.0607930297694606,-0.0004550827188097603
0.02218,0.08613832747130033,-0.02587494916649243,-0.005120002591918191,-0.02075494657457425,0.06325701619131251,-0.0004456937207757805
0.02228,0.08395507379210193,-0.02522053732229204,-0.005012025549527249,-0.02020851177276479,0.06565857557529568,-0.0004358751954638715
0.02238,0.08168963736273757,-0.02454135130691427,-0.004899089640596448,-0.01964226166631783,0.06799533787224195,-0.0004256292065333197
0.02248,0.0793442694240095,-0.02383806471493749,-0.004781189274373521,-0.01905687544056398,0.070264996979885,-0.0004149577416054808
0.02258,0.07692129750577624,-0.02311137454289838,-0.004658317846478135,-0.01845305669642025,0.07246531301870472,-0.0004038627068230606
0.02268,0.07442312303615228,-0.02236200048031614,-0.004530467712627371,-0.01783153276768878,0.07459411454241825,-0.0003923459250769655
0.02278,0.07185221888536951,-0.02159068417846734,-0.004397630179642288,-0.01719305399882506,0.07664930068093502,-0.0003804091384163305
0.02288,0.06921112684706031,-0.02079818849767605,-0.004259795517107023,-0.01653839298056904,0.0786288432136619,-0.0003680540151640661
0.02298,0.06650245505966393,-0.01998529673388428,-0.004116952993336257,-0.01586834374054804,0.08053078857111221,-0.0003552821622580052
0.02308,0.06372887537075973,-0.0191528118253148,-0.003969090939590266,-0.01518372088572455,0.0823532597628428,-0.0003420951433270438
0.02318,0.06089312064724901,-0.01830155554009255,-0.003816196846744846,-0.01448535869334772,0.08409445822981695,-0.0003284945029903294
0.02328,0.05799798203437241,-0.01743236764572952,-0.003658257498863253,-0.01377411014686628,0.08575266561936526,-0.0003144817978336375
0.02338,0.05504630616662403,-0.01654610506141958,-0.003495259148321704,-0.01305084591309789,0.08732624548099203,-0.0003000586344694353
0.02348,0.05204099233383322,-0.01564364099417344,-0.003327187737304667,-0.0123164532568688,0.08881364488135446,-0.0002852267150247549
0.02358,0.04898498960572803,-0.01472586405985699,-0.003154029170582315,-0.0115718348892747,0.09021339593682029,-0.0002699878903212454
0.02368,0.04588129391848605,-0.01379367739027512,-0.002975769644513571,-0.01081790774576158,0.09152411726209179,-0.0002543442209149495
0.02378,0.04273294512690888,-0.0128479977275029,-0.00279239603715878,-0.01005560169034415,0.09274451533346616,-0.0002382980460477287
0.02388,0.03954302402603177,-0.01188975450673948,-0.002603896364227473,-0.009285858142512047,0.09387338576538742,-0.0002218520604278976
0.02398,0.03631464934608133,-0.01091988892901073,-0.002410260305307363,-0.008509628623703407,0.09490961449902946,-0.0002050093986041549
0.02408,0.03305097472491427,-0.009939353025131908,-0.002211479804417843,-0.007727873220714106,0.09585217890173758,-0.0001877737265259787
0.02418,0.02975518566213348,-0.008949108712379278,-0.002007549748375316,-0.006941558964004008,0.09670014877624356,-0.0001701493396954538
0.02428,0.02643049645921238,-0.007950126845376656,-0.00179846872575047,-0.006151658119626239,0.09745268727865775,-0.0001521412671134757
0.02438,0.02308014715007676,-0.00694338626275305,-0.001584239868324611,-0.005359146394428496,0.09810905174433343,-0.0001337553800102598
0.02448,0.01970740042651337,-0.005929872831116689,-0.001364871775895815,-0.004565001055220936,0.09866859442078683,-0.0001149985041293424
0.02458,0.01631553856291397,-0.004910578487941727,-0.00114037952406898,-0.003770198963872816,0.0991307631069507,-9.587853411320563e-05
0.02468,0.01290786034466124,-0.003886500284910489,-0.0009107857532544719,-0.002975714531656093,0.09949510169813003,-7.640454832053844e-05
0.02478,0.009487678004386201,-0.002858639433233848,-0.0006761218355340014,-0.002182517597699927,0.09976125063612254,-5.65869221995338e-05
0.02488,0.006058314170055973,-0.001828000352390612,-0.0004364291143231615,-0.001391571238067539,0.09992894726405893,-3.643743815469496e-05
0.02498,0.002623098828607546,-0.0007955897236487853,-0.0001917602099021136,-0.0006038295137467678,0.09999802608561371,-1.596938968606889e-05
0.02508,-0.0008146336916356282,0.0002375844504208972,5.781961809159418e-05,0.000179764832329407,0.09996841892833,4.802322543085654e-06
0.02518,-0.004251547716937317,0.001270513779365333,0.0003122310621554929,0.0009582827172099517,0.0998401550108975,2.586110513094304e-05
0.02528,-0.007684309200295427,0.002302190410329809,0.0005713793254335231,0.001730811084896405,0.09961336091431724,4.718859929861615e-05
0.02538,-0.01110958866816688,0.003331607944933617,0.0008351526623412944,0.002496455282592449,0.09928826045698134,6.876462359534426e-05
0.02548,-0.01452406414088137,0.004357762347111654,0.001103420918401725,0.003254341428710063,0.0988651744737914,9.056713424915434e-05
0.02558,-0.01792442402660794,0.005379652841746493,0.001376034088254758,0.004003618753491874,0.09834452049953296,0.0001125722052878892
0.02568,-0.0213073699894659,0.006396282804163354,0.001652820912479638,0.004743461891683862,0.09772681235681935,0.0001347540303041449
0.02578,-0.0246696197931914,0.007406660640836588,0.001933587535293228,0.005473073105543512,0.09701265964901057,0.000157084947413168
0.02588,-0.02800791012241067,0.008409800661878781,0.002218116246280983,0.006191684415597957,0.09620276715860854,0.0001795354885569569
0.02598,-0.03131899938427926,0.009404723946125052,0.002506164330039161,0.006898559616086056,0.09529793415172183,0.0002020744538489712
0.02608,-0.03459967049375299,0.01039045919980363,0.002797463047883724,0.007592996151920071,0.09429905358928641,0.0002246690111402482
0.02618,-0.03784673364614865,0.01136604360992474,0.003091716775575763,0.008274326834349142,0.09320711124582104,0.0002472848204329257
0.02628,-0.04105702908091866,0.01233052369361762,0.003388602320291491,0.008941921373326301,0.09202318473658701,0.0002698861821869999
0.02638,-0.04422742984059986,0.01328295614466952,0.003687768438799036,0.009595187705870657,0.09074844245411165,0.0002924362079780468
0.02648,-0.04735484452867804,0.01422240867846121,0.003988835576987038,0.01023357310147434,0.08938414241512635,0.0003148970113871397
0.02658,-0.050436220069845,0.01514796087641433,0.004291395848554358,0.01085656502786014,0.08793163101905561,0.0003372299164613121
0.02668,-0.05346854447539151,0.01605870503083929,0.00459501326780734,0.01146369176303213,0.08639234171928351,0.0003593956805910161
0.02678,-0.0564488496157943,0.01695374699085437,0.004899224248217241,0.0120545227426373,0.08476779360850831,0.0003813547282328807
0.02688,-0.05937421400153252,0.0178322070097209,0.005203538374695219,0.01262866863502585,0.08305958991958126,0.0004030673915759788
0.02698,-0.06224176557202096,0.01869322059357327,0.005507439453545593,0.01318578114002784,0.0812694164433094,0.0004244941540231118
0.02708,-0.06504868449137491,0.01953593935114347,0.005810386839863641,0.01372555251127999,0.07939903986478343,0.0004455958922460012
0.02718,-0.06779220594835171,0.02035953184364214,0.006111817037837562,0.01424771480580473,0.07745030601987329,0.0004663341125790092
0.02728,-0.07046962295664048,0.02116318443357735,0.006411145565144018,0.01475203886843347,0.0754251380736103,0.0004866711776434986
0.02738,-0.07307828915019697,0.02194610213082444,0.006707769068450341,0.01523833306237423,0.07332553462225593,0.0005065705193362659
0.02748,-0.07561562156741662,0.02270750943396489,0.007001067673153913,0.0157064417608111,0.07115356772092847,0.0005259968346679433
0.02758,-0.07807910341671082,0.02344665116452598,0.007290407546903744,0.01615624361762235,0.0689113808387348,0.0005449162613809447
0.02768,-0.08046628681529427,0.02416279329151261,0.007575143653334032,0.01658764963817869,0.06660118674342512,0.0005632965308003861
0.02778,-0.08277479549233421,0.0248552237434191,0.007854622669827171,0.01700060107359202,0.06422526531765842,0.0005811070959530962
0.02788,-0.08500232744719667,0.02552325320478521,0.008128186041084409,0.01739506716370089,0.06178596130903342,0.0005983192336093123
0.02798,-0.08714665755332572,0.02616621589430899,0.008395173138847058,0.01777104275546202,0.05928568201610593,0.0006149061195368234
0.02808,-0.08920564009836913,0.02678347032156656,0.008654924497301266,0.01812854582426536,0.05672689491267566,0.0006308428768875885
0.02818,-0.09117721125139211,0.02737440001947981,0.008906785093492598,0.01846761492598727,0.05411212521268746,0.0006461065982414219
0.02828,-0.09305939144846255,0.02793841424983162,0.009150107642453014,0.01878830660737866,0.05144395337815053,0.0006606763423933264
0.02838,-0.09485028768861606,0.02847494867937644,0.009384255877668361,0.01909069280170812,0.04872501257253314,0.0006745331074765978
0.02848,-0.09654809573270122,0.02898346602427731,0.009608607788863842,0.0193748582354135,0.04595798606214871,0.0006876597824479371
0.02858,-0.09815110219873759,0.02946345666097391,0.009822558790898292,0.01964089787007566,0.04314560456809583,0.0007000410793227591
0.02868,-0.09965768654806434,0.02991443920181776,0.01002552479961492,0.01988891440220288,0.04029064357136623,0.0007116634488262292
0.02878,-0.1010663229575677,0.03033596103414826,0.01021694519282102,0.02011901584132725,0.03739592057378001,0.000722514982324367
0.02888,-0.1023755820741094,0.03072759882176723,0.01039628563701062,0.02033131318475664,0.03446429231745168,0.0007325853030181274
0.02898,-0.1035841326481598,0.0310889589680647,0.01056304076295106,0.02052591820511368,0.03149865196553048,0.0007418654494285933
0.02908,-0.1046907430443714,0.03141967804029493,0.01071673667572674,0.0207029413645682,0.02850192624699763,0.0007503477541785309
0.02918,-0.1056942826275644,0.03171942315474589,0.01085693328722511,0.02086248986752079,0.02547707256833825,0.0007580257209942511
0.02928,-0.1065937230232081,0.03198789232274734,0.01098322646128858,0.02100466586145877,0.022427076094938,0.0007648939027197844
0.02938,-0.107388139251961,0.03222481475762057,0.01109524996379557,0.02112956479382502,0.01935494680508592,0.0007709477829621415
0.02948,-0.108076710738443,0.03242995114286613,0.01119267721177787,0.02123727393108827,0.01626371651948827,0.0007761836637826592
0.02958,-0.1086587221944687,0.03260309386190868,0.01127522281721314,0.02132787104469554,0.01315643590922818,0.0007805985616182249
0.02968,-0.109133564377644,0.03274406718992175,0.01134264392250607,0.02140142326741569,0.01003617148512143,0.0007841901133735761
0.02978,-0.1095007347261822,0.03285272744824121,0.01139474132570328,0.02145798612253794,0.006906002571440542,0.0007869564943678643
0.02988,-0.1097598378711357,0.03292896312197421,0.0114313603943417,0.02149760272763251,0.003769018266993256,0.0007888963495583294
0.02998,-0.1099105860273252,0.03297269494143108,0.01145239176743871,0.02152030317399238,0.0006283143965557152,0.0007900087391999391
0.03008,-0.1099527992645605,0.03298387592809263,0.0114577718455895,0.02152610408250314,-0.00251300954433391,0.0007902930998380392
0.03018,-0.1098864056605749,0.03296249140576735,0.01144748306937616,0.02151500833639121,-0.005651853448202597,0.0007897492212672583
0.03028,-0.1097114413376207,0.03290855897773878,0.01142155398651873,0.02148700499122006,-0.008785119655074444,0.0007883772398332787
0.03038,-0.10942805038453,0.03282212847065202,0.01138005910825942,0.02144206936239261,-0.01190971600948708,0.0007861776481939231
0.03048,-0.1090364846663453,0.03270328184596841,0.01132311855556718,0.02138016329040123,-0.0150225589120758,0.0007831513213998635
0.03058,-0.1085371035237677,0.03255213307984915,0.01125089749583973,0.02130123558400945,-0.01812057636271381,0.00077929955889764
0.03068,-0.1079303733648596,0.03236882801237558,0.01116360537093472,0.02120522264144088,-0.02120071099220552,0.0007746241417993034
0.03078,-0.1072168671516324,0.03215354416706172,0.01106149491761809,0.02109204924944365,-0.02425992307954078,0.0007691274045031621
0.03088,-0.1063972637843431,0.0319064905416612,0.01094486098190835,0.02096162955975287,-0.02729519355173254,0.000762812319488957
0.03098,-0.1054723473864995,0.03162790737131312,0.01081403912935672,0.02081386824195641,-0.0303035269632774,0.0007556825938494432
0.03108,-0.1044430064937516,0.03131806586511177,0.01066940405405914,0.02064866181105264,-0.03328195445229882,0.0007477427758610694
0.03118,-0.1033102331499027,0.03097726791718973,0.01051136779015515,0.0204659001270346,-0.0362275366704547,0.0007389983696417808
0.03128,-0.1020751219135186,0.03060584579346196,0.01034037773078322,0.02026546806267875,-0.03913736668372036,0.0007294559557009637
0.03138000000000001,-0.100738868778306,0.030204161795071,0.01015691446083545,0.02004724733423557,-0.04200857284118073,0.0007191233149554867
0.03148,-0.09930277001073846,0.029772607899646,0.009961489411541133,0.01981111848810489,-0.04483832160900331,0.0007080095535827765
0.03158,-0.09776822090795359,0.02931160538133166,0.009754642346702948,0.01955696303462873,-0.04762382036679397,0.000696125225904479
0.03168,-0.09613671447883229,0.02882160441048618,0.009536938692437229,0.01928466571804899,-0.05036232016357614,0.000683482452359786
0.03178,-0.09440984005077785,0.02830308363380247,0.009308966724406495,0.01899411690939602,-0.05305111843067344,0.0006700950295404012
0.03188000000000001,-0.09258928180426095,0.02775654973544355,0.009071334628762763,0.01868521510668083,-0.05568756164881897,0.0006559785292301369
0.03198,-0.09067681723658706,0.02718253697956922,0.008824667455271154,0.01835786952429813,-0.0582690479668576,0.0006411503834289785
0.03208,-0.08867431555591269,0.02658160673446854,0.008569603983333949,0.01801200275113466,-0.06079302976946067,0.0006256299524538671
0.03218,-0.08658373600534899,0.02595434697812463,0.008306793523692027,0.01764755345443267,-0.06325701619131242,0.0006094385733946829
0.03228,-0.08440712611706247,0.02530137178502194,0.008036892680622378,0.01726447910439964,-0.06565857557529574,0.0005925995864823345
0.03238,-0.08214661989447235,0.02462332079343481,0.00776056210100154,0.01686275869243336,-0.06799533787224186,0.0005751383372725525
0.03248,-0.07980443592105689,0.0239208586525225,0.007478463238100553,0.01644239541442204,-0.07026499697988499,0.0005570821529918735
0.03258,-0.07738287539249901,0.02319467444799938,0.007191255158795412,0.01600341928920408,-0.07246531301870472,0.0005384602918908292
0.03268,-0.07488432006937493,0.02244548110526119,0.006899591423496908,0.0155458896817644,-0.07459411454241825,0.0005193038650266529
0.03278,-0.07231123014627069,0.02167401476843983,0.006604117067979579,0.01506989770046038,-0.07664930068093501,0.0004996457305088026
0.03288,-0.06966614203361014,0.02088103415396338,0.006305465715800219,0.0145755684381633,-0.0786288432136619,0.0004795203608943493
0.03298,-0.06695166604807673,0.02006731987707697,0.006004256848819072,0.01406306302825804,-0.08053078857111221,0.0004589636850774718
0.03308000000000001,-0.06417048400781734,0.01923367374987519,0.005701093261643525,0.01353258048823182,-0.08235325976284286,0.0004380129066672063
0.03318,-0.06132534672898503,0.01838091804952191,0.005396558723545373,0.01298435932597669,-0.0840944582298169,0.0004167063014623631
0.03328,-0.05841907142092603,0.01750989475557883,0.005091215868630059,0.01241867888694893,-0.08575266561936529,0.0003950829971917793
0.03338,-0.05545453897789297,0.01662146475556903,0.004785604331758256,0.01183586042381094,-0.08732624548099199,0.0003731827391663792
0.03348,-0.05243469116673358,0.01571650701840651,0.004480239144135078,0.01123626787427161,-0.0888136448813545,0.0003510456458767021
0.03358000000000001,-0.04936252771057117,0.01479591773553915,0.004175609398473656,0.01062030833706568,-0.09021339593682039,0.0003287119588358423
0.03368,-0.04624110327045069,0.01386060943028369,0.003872177189561864,0.009988432240722007,-0.09152411726209178,0.0003062217911200566
0.03378,-0.04307352432783546,0.01291151003615684,0.003570376831776508,0.009341133204380516,-0.09274451533346623,0.000283614879074355
0.03388,-0.03986294597240802,0.01194956194552584,0.003270614350891439,0.008678947594634586,-0.09387338576538742,0.0002609303415406671
0.03398,-0.03661256860109579,0.0109757210303897,0.002973267243452272,0.008002453786937603,-0.09490961449902952,0.0002382064507315773
0.03408,-0.03332563453505701,0.009990955637393783,0.002678684493103929,0.007312271144290028,-0.09585217890173758,0.0002154804185200412
0.03418,-0.03000542456292514,0.008996245559685855,0.002387186829788588,0.006609058729897438,-0.09670014877624356,0.00019278820146999
0.03428,-0.02665525441895401,0.007992580988360991,0.002099067214586423,0.005893513773774737,-0.09745268727865775,0.0001701643273994645
0.03438,-0.02327847120580093,0.006980961446594248,0.001814591530398105,0.005166369916196307,-0.09810905174433343,0.0001476417456820866
0.03448,-0.01987844977166746,0.00596239470957431,0.001533999456549407,0.004428395253025059,-0.09866859442078683,0.000125251702864445
0.03458,-0.01645858905196376,0.004937895713492428,0.001257505503901767,0.003680390209590811,-0.0991307631069507,0.0001030236445402712
0.03468,-0.01302230838538601,0.00390848545676028,0.0009853001860830744,0.002923185270677348,-0.09949510169813003,8.09851437914257e-05
0.03478000000000001,-0.009573043814063802,0.002875189896553254,0.0007175513020639554,0.002157638594489434,-0.09976125063612254,5.916185590621787e-05
0.03488,-0.006114244376887569,0.001839038843598729,0.0004544053054358526,0.001384633538163004,-0.09992894726405893,3.757749853274746e-05
0.03498,-0.002649368404536941,0.0008010648579329913,0.0001959887363745547,0.0006050761215585565,-0.09999802608561371,1.625385593483357e-05
0.03508,0.0008181201761190606,-0.0002376978519273542,-5.759030667874798e-05,-0.000180107545248718,-0.09996841892833,-4.789194400090509e-06
0.03518,0.004284755521348291,-0.001276214524210991,-0.0003062406771568574,-0.0009699738470542372,-0.09984015501089749,-2.553363488907132e-05
0.03528000000000001,0.007747073527619965,-0.002313450931627746,-0.0005498866921471805,-0.001763564239480661,-0.09961336091431724,-4.596324306054683e-05
0.03538,0.01120161546129244,-0.003348374460018589,-0.0007884666636803039,-0.002559907796338373,-0.09928826045698134,-6.60635113546111e-05
0.03548,0.01464493155660525,-0.00437995517659052,-0.001021931465289214,-0.003358023711301387,-0.0988651744737914,-8.582155412296124e-05
0.03558,0.01807358457850836,-0.005407166886689167,-0.001250243147411732,-0.00415692373927751,-0.09834452049953296,-0.0001052260044535018
0.03568,0.02148415334745172,-0.006428988178263815,-0.001473373612985365,-0.004955614565278518,-0.09772681235681935,-0.0001242669033961157
0.03578,0.02487323622396252,-0.007444403453412579,-0.001691303362405613,-0.005753100091007026,-0.09701265964901058,-0.0001429355840619307
0.03588,0.02823745455123552,-0.008452403946534218,-0.001904020314907131,-0.006548383631627143,-0.09620276715860859,-0.0001612245529160796
0.03598000000000001,0.03157345605441463,-0.009451988728764852,-0.002111518711445875,-0.007340470017319026,-0.09529793415172183,-0.0001791273703957447
0.03608,0.03487791819546206,-0.01044216569845648,-0.002313798102321125,-0.008128367596135401,-0.09429905358928646,-0.0001966385327695366
0.03618,0.03814755148278768,-0.01142195255754712,-0.002510862421119529,-0.008911090136427633,-0.09320711124582105,-0.0002137533569220663
0.03628,0.04137910273470752,-0.01239037777364942,-0.00270271914507604,-0.009687658628573417,-0.09202318473658708,-0.0002304678695050784
0.03638,0.04456935829613862,-0.01334648152779011,-0.002889378540684747,-0.0104571029871054,-0.09074844245411165,-0.000246778701655674
0.03648000000000001,0.04771514720743321,-0.01428931664758639,-0.003070852992279386,-0.01121846365530703,-0.08938414241512628,-0.0002626829902425683
0.03658,0.05081334432465511,-0.01521794952576454,-0.003247156410437087,-0.01197079311532748,-0.08793163101905561,-0.0002781782863772876
0.03668,0.05386087339000969,-0.01613146102375094,-0.003418303716318344,-0.01271315730743262,-0.08639234171928341,-0.0002932624717129873
0.03678,0.05685471005116002,-0.01702894736006959,-0.003584310397522882,-0.01344463696254673,-0.08476779360850832,-0.0003079336828603022
0.03688,0.05979188482814549,-0.0179095209832736,-0.003745192130660323,-0.0141643288526133,-0.08305958991958115,-0.0003221902440758704
0.03698000000000001,0.06266948602587429,-0.01877231142891404,-0.003900964465553352,-0.0148713469633607,-0.0812694164433093,-0.0003360306082226143
0.03708,0.06548466259072115,-0.01961646616021172,-0.004051642565903664,-0.01556482359430808,-0.07939903986478344,-0.000349453305871734
0.03718,0.06823462690878901,-0.02044115139180652,-0.004197241001184598,-0.01624391039062193,-0.07745030601987329,-0.0003624569023005025
0.03728,0.07091665754383082,-0.02124555289608348,-0.004337773584622512,-0.01690777931146097,-0.07542513807361043,-0.0003750399620507365
0.03738,0.07352810191233362,-0.02202887679142603,-0.004473253252248626,-0.01755562353917741,-0.07332553462225594,-0.0003872010206378019
0.03748,0.07606637889313043,-0.02279035031170168,-0.004603691978199456,-0.01818665833350223,-0.07115356772092861,-0.0003989385629438535
0.03758,0.07852898136913174,-0.02352922255634926,-0.004729100721701959,-0.01880012183464731,-0.06891138083873481,-0.0004102510077900421
0.03768000000000001,0.08091347869803399,-0.02424476522021565,-0.00484948940141974,-0.01939527581879592,-0.06660118674342501,-0.0004211366981528172
0.03778,0.08321751910959434,-0.02493627330250257,-0.004964866893172397,-0.01997140640933018,-0.06422526531765842,-0.0004315938964785649
0.03788,0.08543883202635841,-0.02560306579397338,-0.005075241047314062,-0.02052782474665933,-0.06178596130903329,-0.0004416207845437124
0.03798,0.08757523030494192,-0.02624448634162778,-0.005180618722381598,-0.02106386761924619,-0.05928568201610593,-0.0004512154673131485
0.03808,0.08962461239531815,-0.02685990389015399,-0.005281005831950436,-0.02157889805820356,-0.05672689491267553,-0.0004603759802631887
0.03818000000000001,0.09158496441480776,-0.02744871329923869,-0.005376407401901192,-0.0220723058973375,-0.05411212521268747,-0.000469100299649527
0.03828,0.09345436213450235,-0.02801033593611788,-0.005466827635640789,-0.02254350830047709,-0.05144395337815055,-0.0004773863552271498
0.03838,0.0952309728749996,-0.02854422024249331,-0.005552269985054872,-0.02299195025743844,-0.04872501257253314,-0.0004852320449506681
0.03848,0.09691305730910953,-0.02904984227516599,-0.005632737225263217,-0.02341710504990278,-0.04595798606214871,-0.0004926352512145256
0.03858,0.09849897116891967,-0.02952670621965153,-0.005708231531474432,-0.0238184746881771,-0.04314560456809585,-0.0004995938582203493
0.03868000000000001,0.09998716685487388,-0.02997434487611523,-0.005778754556467188,-0.02419559031964805,-0.04029064357136607,-0.0005061057700896076
0.03878,0.1013761949445751,-0.03039232011697411,-0.00584430750742534,-0.02454801260954878,-0.03739592057378002,-0.0005121689293698557
0.03888,0.1026647055995101,-0.03078022331565665,-0.005904891223686475,-0.02487533209109661,-0.03446429231745153,-0.0005177813356011097
0.03898,0.1038514498663373,-0.03113767574548983,-0.00596050623848117,-0.02517716950608277,-0.03149865196553049,-0.000522941063740715
0.03908,0.1049352808752012,-0.03146432894959889,-0.006011152864321363,-0.02545317608430199,-0.02850192624699747,-0.0005276462819200346
0.03918,0.1059151549258871,-0.03175986507880844,-0.006056831246829263,-0.02570303383095671,-0.02547707256833826,-0.0005318952686963846
0.03928,0.1067901324687125,-0.03202399719989986,-0.00609754142798279,-0.02592645577085373,-0.02242707609493801,-0.0005356864292579925
0.03938000000000001,0.1075593789734096,-0.032256469571939,-0.006133283401429322,-0.02612318616940639,-0.01935494680508593,-0.0005390183105407265
0.03948,0.1082221656870517,-0.03245705789113379,-0.006164057162451159,-0.02629300072754499,-0.01626371651948828,-0.0005418896150691982
0.03958,0.1087778702796846,-0.03262556950365087,-0.006189862752257092,-0.02643570675022537,-0.01315643590922819,-0.0005442992133845784
0.03968,0.1092259773770909,-0.03276184358626556,-0.00621070029640778,-0.02655114328866228,-0.01003617148512145,-0.0005462461549385045
0.03978,0.1095660789803466,-0.03286575129457649,-0.00622657003719621,-0.0266391812561619,-0.006906002571440555,-0.0005477296773541358
0.03988000000000001,0.1097978747715204,-0.0329371958786524,-0.006237472359862211,-0.02669972351755374,-0.003769018266993268,-0.0005487492139708347
0.03998,0.1099211723056988,-0.03297611276594776,-0.006243407812544967,-0.02673270495214941,-0.000628314396555905,-0.000549304399615012
0.04008,0.109935887089506,-0.03298246961152627,-0.006244377119931361,-0.0267380924903312,0.002513009544333898,-0.0005493950745403483
0.04018,0.109842042545852,-0.03295626631537487,-0.006240381190530212,-0.02671588512357344,0.005651853448202408,-0.000549021286517197
0.04028,0.1096397698661721,-0.03289753500708163,-0.006231421117605446,-0.02666611388820408,0.008785119655074431,-0.0005481832910457559
0.04038000000000001,0.1093293077498466,-0.0328063399976539,-0.00621749817372488,-0.02658884182265902,0.01190971600948725,-0.0005468815497007464
0.04048,0.1089110020324189,-0.032682777698833,-0.006198613798996419,-0.0264841638985709,0.01502255891207578,-0.0005451167266162565
0.04058,0.1083853052029972,-0.03252697650987497,-0.006174769583009611,-0.02635220692561064,0.01812057636271397,-0.0005428896831457087
0.04068,0.1077527758120066,-0.03233909667199951,-0.006145967240553877,-0.02619312943020574,0.02120071099220551,-0.000540201470740834
0.04078,0.1070140777709353,-0.03211933009084291,-0.006112208581236256,-0.02600712150838581,0.02425992307954094,-0.0005370533221109457
0.04088,0.1061699795447576,-0.03186790012695638,-0.006073495473084041,-0.02579440465267639,0.02729519355173253,-0.0005334466407415935
0.04098,0.1052213532392837,-0.03158506135485523,-0.006029829800337473,-0.02555523155335019,0.03030352696327756,-0.0005293829888706306
0.04108000000000001,0.1041691735847756,-0.03127109929086338,-0.005981213412820771,-0.02528988587804261,0.03328195445229881,-0.000524864073992075
0.04118,0.1030145168151546,-0.03092633008927625,-0.005927648083704184,-0.02499868200557206,0.03622753667045469,-0.0005198917342744446
0.04128,0.1017585594535454,-0.03055110021018908,-0.005869135435113709,-0.02468196477507536,0.03913736668372035,-0.0005144679223992925
0.04138,0.1004025769903001,-0.03014578605413313,-0.00580567688580801,-0.02434010916832512,0.04200857284118072,-0.0005085946888828356
0.04148,0.09894794247176827,-0.02971079356935481,-0.005737273581599317,-0.02397351998775549,0.0448383216090033,-0.000502274164405874
0.04158000000000001,0.0973961249920851,-0.02924655782891479,-0.005663926324726928,-0.02358263150418786,0.04762382036679411,-0.0004955085416399268
0.04168,0.09574868809328602,-0.02875354257912932,-0.005585635500376578,-0.02316790707875275,0.05036232016357613,-0.0004883000567795015
0.04178,0.09400728807571591,-0.02823223975975694,-0.005502401001162075,-0.02272983875859487,0.05305111843067357,-0.0004806509710541847
0.04188,0.0921736722206965,-0.02768316899635024,-0.005414222150532449,-0.0222689468458178,0.05568756164881881,-0.000472563552521543
0.04198,0.09024967692821965,-0.02710687706543841,-0.005321097626269403,-0.02178577943916902,0.05826904796685776,-0.0004640400584731074
0.04208000000000001,0.08823722577149462,-0.02650393733293312,-0.005223025385376873,-0.02128091194755624,0.06079302976946066,-0.0004550827188097604
0.04218,0.08613832747129986,-0.02587494916649229,-0.005120002591918168,-0.02075494657457413,0.06325701619131255,-0.000445693720775778
0.04228000000000001,0.08395507379210236,-0.02522053732229217,-0.005012025549527272,-0.02020851177276491,0.06565857557529574,-0.0004358751954638733
0.04238,0.08168963736273714,-0.02454135130691414,-0.004899089640596425,-0.01964226166631771,0.06799533787224199,-0.0004256292065333181
0.04248,0.07934426942400717,-0.0238380647149368,-0.004781189274373406,-0.0190568754405634,0.07026499697988497,-0.0004149577416054699
0.04258,0.07692129750577659,-0.02311137454289848,-0.004658317846478152,-0.01845305669642033,0.07246531301870471,-0.0004038627068230627
0.04268,0.07442312303615277,-0.02236200048031629,-0.004530467712627397,-0.0178315327676889,0.07459411454241825,-0.0003923459250769677
0.04278000000000001,0.07185221888537277,-0.02159068417846832,-0.004397630179642456,-0.01719305399882587,0.07664930068093512,-0.0003804091384163459
0.04288,0.06921112684705723,-0.02079818849767514,-0.004259795517106864,-0.01653839298056829,0.0786288432136619,-0.000368054015164052
0.04298,0.06650245505966657,-0.01998529673388506,-0.004116952993336395,-0.01586834374054868,0.08053078857111229,-0.0003552821622580174
0.04308,0.06372887537075478,-0.01915281182531332,-0.003969090939590004,-0.01518372088572333,0.08235325976284273,-0.0003420951433270206
0.04318,0.060893120647252,-0.01830155554009344,-0.003816196846745005,-0.01448535869334844,0.08409445822981698,-0.0003284945029903439
0.04328000000000001,0.05799798203437254,-0.01743236764572956,-0.003658257498863262,-0.01377411014686632,0.08575266561936529,-0.0003144817978336388
0.04338,0.05504630616662404,-0.01654610506141958,-0.003495259148321704,-0.0130508459130979,0.08732624548099206,-0.0003000586344694356
0.04348,0.05204099233383368,-0.01564364099417358,-0.003327187737304693,-0.01231645325686891,0.0888136448813545,-0.0002852267150247574
0.04358,0.04898498960572759,-0.01472586405985686,-0.003154029170582291,-0.0115718348892746,0.09021339593682032,-0.0002699878903212432
0.04368,0.04588129391848475,-0.01379367739027474,-0.002975769644513496,-0.01081790774576127,0.09152411726209178,-0.0002543442209149427
0.04378,0.0427329451269088,-0.01284799772750288,-0.002792396037158776,-0.01005560169034413,0.09274451533346614,-0.0002382980460477283
0.04388,0.03954302402603176,-0.01188975450673948,-0.002603896364227472,-0.009285858142512043,0.09387338576538741,-0.0002218520604278977
0.04398000000000001,0.03631464934608362,-0.01091988892901142,-0.002410260305307502,-0.008509628623703955,0.09490961449902952,-0.000205009398604167
0.04408,0.03305097472491256,-0.009939353025131398,-0.002211479804417739,-0.007727873220713703,0.09585217890173758,-0.0001877737265259695
0.04418,0.02975518566213293,-0.00894910871237911,-0.002007549748375281,-0.006941558964003875,0.09670014877624354,-0.0001701493396954509
0.04428,0.02643049645921145,-0.007950126845376373,-0.00179846872575041,-0.006151658119626014,0.0974526872786577,-0.0001521412671134705
0.04438,0.02308014715007818,-0.006943386262753475,-0.001584239868324702,-0.005359146394428829,0.09810905174433343,-0.0001337553800102676
0.04448000000000001,0.0197074004265139,-0.005929872831116853,-0.001364871775895851,-0.004565001055221064,0.09866859442078685,-0.0001149985041293455
0.04458,0.01631553856291252,-0.004910578487941299,-0.001140379524068885,-0.003770198963872484,0.09913076310695067,-9.587853411319751e-05
0.04468,0.01290786034466243,-0.003886500284910841,-0.0009107857532545514,-0.002975714531656365,0.09949510169813004,-7.640454832054525e-05
0.04478,0.009487678004385356,-0.002858639433233597,-0.0006761218355339436,-0.002182517597699735,0.09976125063612253,-5.65869221995289e-05
0.04488,0.006058314170056383,-0.001828000352390732,-0.0004364291143231897,-0.001391571238067631,0.09992894726405893,-3.643743815469728e-05
0.04498000000000001,0.002623098828607569,-0.0007955897236487928,-0.0001917602099021154,-0.0006038295137467736,0.09999802608561371,-1.596938968606904e-05
0.04508,-0.0008146336916356265,0.0002375844504208967,5.781961809159406e-05,0.0001797648323294066,0.09996841892833,4.802322543085644e-06
0.04518,-0.004251547716937317,0.001270513779365334,0.000312231062155493,0.0009582827172099519,0.0998401550108975,2.586110513094303e-05
0.04528,-0.007684309200295427,0.002302190410329809,0.0005713793254335232,0.001730811084896405,0.09961336091431724,4.718859929861615e-05
0.04538,-0.01110958866816688,0.003331607944933617,0.0008351526623412946,0.002496455282592449,0.09928826045698134,6.876462359534423e-05
0.04548,-0.01452406414088137,0.004357762347111654,0.001103420918401725,0.003254341428710064,0.0988651744737914,9.056713424915422e-05
0.04558,-0.01792442402660794,0.005379652841746492,0.001376034088254758,0.004003618753491876,0.09834452049953296,0.0001125722052878892
0.04568000000000001,-0.02130736998946726,0.00639628280416376,0.001652820912479751,0.004743461891684158,0.09772681235681931,0.0001347540303041537
0.04578,-0.02466961979318977,0.007406660640836104,0.001933587535293093,0.005473073105543166,0.09701265964901058,0.0001570849474131573
0.04588,-0.02800791012241102,0.008409800661878882,0.002218116246281012,0.006191684415598029,0.09620276715860854,0.0001795354885569591
0.04598,-0.03131899938427792,0.009404723946124655,0.002506164330039045,0.006898559616085776,0.09529793415172187,0.0002020744538489621
0.04608,-0.03459967049375426,0.010390459199804,0.002797463047883836,0.007592996151920335,0.09429905358928641,0.0002246690111402567
0.04618000000000001,-0.03784673364614828,0.01136604360992463,0.003091716775575731,0.008274326834349069,0.09320711124582105,0.0002472848204329231
0.04628,-0.04105702908091909,0.01233052369361775,0.00338860232029153,0.008941921373326389,0.09202318473658701,0.0002698861821870028
0.04638,-0.04422742984059989,0.01328295614466953,0.003687768438799039,0.009595187705870664,0.09074844245411165,0.0002924362079780471
0.04648,-0.04735484452867804,0.01422240867846121,0.003988835576987038,0.01023357310147435,0.08938414241512635,0.0003148970113871397
0.04658,-0.050436220069845,0.01514796087641433,0.004291395848554358,0.01085656502786014,0.08793163101905561,0.0003372299164613123
0.04668000000000001,-0.05346854447539377,0.01605870503083996,0.004595013267807565,0.01146369176303257,0.08639234171928344,0.0003593956805910327
0.04678,-0.05644884961579187,0.01695374699085365,0.004899224248216994,0.01205452274263683,0.08476779360850832,0.0003813547282328627
0.04688000000000001,-0.05937421400153538,0.01783220700972175,0.005203538374695517,0.0126286686350264,0.08305958991958118,0.0004030673915759996
0.04698,-0.0622417655720181,0.01869322059357243,0.005507439453545294,0.0131857811400273,0.08126941644330941,0.0004244941540230906
0.04708,-0.06504868449137435,0.0195359393511433,0.005810386839863579,0.01372555251127987,0.07939903986478346,0.0004455958922459972
0.04718,-0.06779220594834853,0.02035953184364119,0.006111817037837212,0.01424771480580413,0.07745030601987342,0.0004663341125789851
0.04728,-0.07046962295664386,0.02116318443357834,0.006411145565144391,0.0147520388684341,0.07542513807361031,0.0004866711776435235
0.04738000000000001,-0.07307828915020126,0.02194610213082572,0.006707769068450829,0.01523833306237502,0.07332553462225581,0.0005065705193362985
0.04748,-0.07561562156741246,0.02270750943396365,0.007001067673153433,0.01570644176081034,0.0711535677209285,0.0005259968346679114
0.04758,-0.07807910341671499,0.02344665116452721,0.00729040754690423,0.01615624361762309,0.06891138083873469,0.0005449162613809766
0.04768,-0.08046628681529056,0.02416279329151152,0.007575143653333595,0.01658764963817803,0.06660118674342513,0.0005632965308003578
0.04778,-0.08277479549233441,0.02485522374341914,0.007854622669827191,0.01700060107359205,0.06422526531765842,0.000581107095953097
0.04788000000000001,-0.08500232744720099,0.0255232532047865,0.008128186041084938,0.01739506716370165,0.06178596130903329,0.0005983192336093456
0.04798,-0.08714665755332113,0.02616621589430763,0.008395173138846487,0.01777104275546122,0.05928568201610595,0.000614906119536788
0.04808,-0.08920564009837395,0.02678347032156798,0.008654924497301871,0.01812854582426618,0.05672689491267553,0.0006308428768876252
0.04818,-0.09117721125138259,0.02737440001947699,0.008906785093491392,0.01846761492598567,0.05411212521268763,0.0006461065982413492
0.04828,-0.09305939144846653,0.02793841424983278,0.009150107642453517,0.01878830660737932,0.05144395337815055,0.0006606763423933562
0.04838000000000001,-0.09485028768862105,0.02847494867937794,0.009384255877669024,0.01909069280170897,0.04872501257253301,0.000674533107476636
0.04848,-0.09654809573269686,0.02898346602427603,0.009608607788863282,0.0193748582354128,0.04595798606214873,0.0006876597824479042
0.04858000000000001,-0.09815110219874246,0.02946345666097534,0.00982255879089893,0.01964089787007645,0.04314560456809569,0.0007000410793227957
0.04868,-0.09965768654805973,0.02991443920181642,0.01002552479961431,0.01988891440220214,0.04029064357136624,0.0007116634488261946
0.04878,-0.1010663229575723,0.03033596103414962,0.01021694519282165,0.020119015841328,0.03739592057377987,0.0007225149823244016
0.04888,-0.1023755820741044,0.03072759882176574,0.01039628563700993,0.02033131318475583,0.03446429231745171,0.0007325853030180893
0.04898,-0.1035841326481651,0.03108895896806625,0.01056304076295177,0.02052591820511451,0.03149865196553033,0.0007418654494286326
0.04908000000000001,-0.1046907430443719,0.03141967804029509,0.01071673667572681,0.02070294136456829,0.02850192624699748,0.0007503477541785355
0.04918,-0.1056942826275645,0.03171942315474594,0.01085693328722514,0.02086248986752082,0.0254770725683381,0.0007580257209942522
0.04928,-0.1065937230232024,0.03198789232274564,0.01098322646128778,0.02100466586145788,0.02242707609493802,0.0007648939027197413
0.04938,-0.1073881392519607,0.03222481475762046,0.01109524996379552,0.02112956479382496,0.01935494680508594,0.0007709477829621387
0.04948,-0.1080767107384429,0.03242995114286609,0.01119267721177785,0.02123727393108825,0.01626371651948829,0.0007761836637826581
0.04958000000000001,-0.1086587221944744,0.03260309386191036,0.01127522281721395,0.02132787104469643,0.01315643590922803,0.0007805985616182679
0.04968,-0.1091335643776387,0.03274406718992018,0.01134264392250532,0.02140142326741488,0.01003617148512146,0.0007841901133735361
0.04978,-0.1095007347261876,0.0328527274482428,0.01139474132570405,0.02145798612253876,0.006906002571440389,0.0007869564943679051
0.04988,-0.1097598378711246,0.03292896312197092,0.01143136039434012,0.02149760272763081,0.003769018266993458,0.0007888963495582454
0.04998,-0.1099105860273302,0.03297269494143252,0.01145239176743941,0.02152030317399313,0.0006283143965557397,0.0007900087391999757
