0,0,3.80728755205404e-06
5.005005005005005e-05,-1.151137115440231e-07,3.454649895620959e-06
0.0001001001001001001,-4.862804687100345e-07,2.853113534811389e-06
0.0001501501501501502,-1.111742303416264e-06,2.006282964086421e-06
0.0002002002002002002,-1.986315366525765e-06,9.179228667293638e-07
0.0002502502502502502,-3.104830004635128e-06,-4.080530976729939e-07
0.0003003003003003003,-4.462138898412664e-06,-1.967595144684568e-06
0.0003503503503503504,-6.053120149318922e-06,-3.756526168322985e-06
0.0004004004004004004,-7.87268023682088e-06,-5.770556320123222e-06
0.0004504504504504505,-9.915756853461218e-06,-8.005289889806271e-06
0.0005005005005005005,-1.217732161869535e-05,-1.045623921496282e-05
0.0005505505505505506,-1.465238267252413e-05,-1.311883410153481e-05
0.0006006006006006007,-1.733598715012018e-05,-1.598843238107778e-05
0.0006506506506506507,-2.022322353870682e-05,-1.90603315659077e-05
0.0007007007007007008,-2.330922391814414e-05,-2.232977589427243e-05
0.0007507507507507507,-2.658916608676506e-05,-2.579197176713144e-05
0.0008008008008008008,-3.005827557407798e-05,-2.944209007908758e-05
0.0008508508508508509,-3.371182754206293e-05,-3.327528249505967e-05
0.0009009009009009009,-3.754514857691322e-05,-3.728668676629201e-05
0.000950950950950951,-4.155361837306728e-05,-4.147143712217002e-05
0.001001001001001001,-4.573267131154308e-05,-4.582467230868337e-05
0.001051051051051051,-5.007779793457296e-05,-5.03415435920396e-05
0.001101101101101101,-5.458454631860839e-05,-5.501722454748722e-05
0.001151151151151151,-5.924852334785581e-05,-5.984691625885878e-05
0.001201201201201201,-6.406539589046848e-05,-6.482585578289761e-05
0.001251251251251251,-6.903089187962756e-05,-6.994932480702708e-05
0.001301301301301301,-7.414080130170846e-05,-7.521265260302137e-05
0.001351351351351351,-7.939097709378935e-05,-8.061122723418327e-05
0.001401401401401402,-8.477733595276302e-05,-8.614049640967721e-05
0.001451451451451452,-9.029585905830868e-05,-9.179597631176125e-05
0.001501501501501501,-9.594259271199041e-05,-9.757325601248366e-05
0.001551551551551552,-0.0001017136488947697,-0.000103468002863762
0.001601601601601602,-0.0001076052057451554,-0.0001094759654204075
0.001651651651651652,-0.000113613507960271,-0.0001155929783644106
0.001701701701701702,-0.0001197348671220598,-0.000121814967432242
0.001751751751751752,-0.0001259656619508302,-0.0001281379514064268
0.001801801801801802,-0.0001323023384883234,-0.0001345580449701096
0.001851851851851852,-0.000138741410212511,-0.0001410714617275992
0.001901901901901902,-0.0001452794580861755,-0.000147674517049259
0.001951951951951952,-0.0001519131305414522,-0.0001543636291864298
0.002002002002002002,-0.0001586391434023184,-0.0001611353213470144
0.002052052052052052,-0.0001654542797471188,-0.0001679862225389271
0.002102102102102102,-0.0001723553897130613,-0.0001749130685119795
0.002152152152152152,-0.000179339390244662,-0.0001819127021853007
0.002202202202202202,-0.0001864032647880426,-0.0001889820742051045
0.002252252252252252,-0.0001935440629328145,-0.0001961182435110787
0.002302302302302303,-0.0002007589000036362,-0.0002033183751682508
0.002352352352352352,-0.0002080449566028367,-0.0002105797405178292
0.002402402402402403,-0.0002153994781061571,-0.0002178997176783705
0.002452452452452453,-0.0002228197741130503,-0.0002252757874372882
0.002502502502502502,-0.0002303032178532651,-0.0002327055341625979
0.002552552552552553,-0.0002378472455513061,-0.0002401866433157835
0.002602602602602603,-0.0002454493557501585,-0.0002477169003581723
0.002652652652652653,-0.0002531071085959553,-0.0002552941845501699
0.002702702702702703,-0.0002608181250848087,-0.0002629164737492963
0.002752752752752753,-0.0002685800862733584,-0.000270581834424244
0.002802802802802803,-0.0002763907324542972,-0.0002782884229009245
0.002852852852852853,-0.0002842478622981341,-0.0002860344841429057
0.002902902902902903,-0.0002921493319625506,-0.0002938183428362682
0.002952952952952953,-0.0003000930541704299,-0.0003016384069091105
0.003003003003003003,-0.0003080769972578505,-0.0003094931576814207
0.003053053053053053,-0.0003160991841930715,-0.0003173811513888562
0.003103103103103103,-0.0003241576915676076,-0.0003253010139690524
0.003153153153153153,-0.0003322506485605331,-0.0003332514372778883
0.003203203203203203,-0.000340376235876898,-0.0003412311751838798
0.003253253253253253,-0.0003485326846613334,-0.0003492390404247572
0.003303303303303304,-0.0003567182753877319,-0.0003572739007179855
0.003353353353353353,-0.000364931336725972,-0.0003653346747402621
0.003403403403403404,-0.0003731702443864833,-0.0003734203275833045
0.003453453453453454,-0.0003814334199436274,-0.0003815298697526769
0.003503503503503503,-0.0003897193296385899,-0.0003896623488262098
0.003553553553553554,-0.0003980264831626872,-0.0003978168499893604
0.003603603603603604,-0.000406353432421858,-0.0004059924913315395
0.003653653653653654,-0.0004146987702829893,-0.0004141884176310421
0.003703703703703704,-0.000423061129303037,-0.0004224037982369204
0.003753753753753754,-0.0004314391804413575,-0.0004306378258887208
0.003803803803803804,-0.0004398316317562536,-0.0004388897098537876
0.003853853853853854,-0.0004482372270861683,-0.0004471586731493494
0.003903903903903904,-0.0004566547447164061,-0.0004554439512152819
0.003953953953953955,-0.000465082996031881,-0.0004637447874179722
0.004004004004004004,-0.0004735208241565975,-0.0004720604290249456
0.004054054054054054,-0.0004819671025805446,-0.000480390125315305
0.004104104104104105,-0.0004904207337745336,-0.0004887331239838865
0.004154154154154154,-0.0004988806477936866,-0.0004970886731418563
0.004204204204204204,-0.0005073458008701073,-0.000505456008497874
0.004254254254254255,-0.0005158151739953899,-0.0005138343602625048
0.004304304304304304,-0.0005242877714935973,-0.0005222229492466954
0.004354354354354354,-0.0005327626195851596,-0.0005306209797799
0.004404404404404405,-0.0005412387649424654,-0.0005390276429737085
0.004454454454454455,-0.0005497152732376116,-0.0005474421130933838
0.004504504504504504,-0.0005581912276829355,-0.0005558635442437917
0.004554554554554555,-0.0005666657275649142,-0.0005642910718632821
0.004604604604604605,-0.0005751378867720281,-0.0005727238080498252
0.004654654654654655,-0.000583606832317142,-0.0005811608440702364
0.004704704704704705,-0.0005920717028550063,-0.0005896012446432494
0.004754754754754755,-0.0006005316471954937,-0.0005980440520647237
0.004804804804804805,-0.0006089858228130708,-0.0006064882797314424
0.004854854854854855,-0.0006174333943531844,-0.0006149329168651232
0.004904904904904905,-0.0006258735321361289,-0.0006233769256008266
0.004954954954954956,-0.0006343054106589452,-0.000631819237614421
0.005005005005005005,-0.0006427282070960135,-0.0006402587601258327
0.005055055055055055,-0.0006511410997988754,-0.0006486943707966936
0.005105105105105106,-0.0006595432667959295,-0.0006571249194163799
0.005155155155155155,-0.0006679338842926007,-0.0006655492265711504
0.005205205205205205,-0.0006763121251725686,-0.0006739660870134518
0.005255255255255256,-0.0006846771575007221,-0.0006823742652533831
0.005305305305305306,-0.0006930281430283913,-0.0006907725006262196
0.005355355355355355,-0.0007013642357015176,-0.0006991595047706719
0.005405405405405406,-0.0007096845801724094,-0.0007075339615045163
0.005455455455455456,-0.0007179883103156767,-0.0007158945307095868
0.005505505505505505,-0.0007262745477490296,-0.0007242398454231303
0.005555555555555556,-0.0007345424003594786,-0.0007325685151653154
0.005605605605605606,-0.0007427909608358651,-0.0007408791240866634
0.005655655655655656,-0.0007510193052079426,-0.000749170233925637
0.005705705705705706,-0.000759226491393107,-0.0007574403842776696
0.005755755755755756,-0.0007674115577512017,-0.0007656880909931043
0.005805805805805806,-0.0007755735216481661,-0.0007739118512746746
0.005855855855855856,-0.0007837113780292242,-0.0007821101414079961
0.005905905905905906,-0.0007918240980022412,-0.0007902814167553153
0.005955955955955957,-0.0007999106274321268,-0.0007984241165234394
0.006006006006006006,-0.0008079698855468164,-0.0008065366600459343
0.006056056056056056,-0.0008160007635557392,-0.0008146174499438062
0.006106106106106107,-0.0008240021232814196,-0.0008226648717231678
0.006156156156156156,-0.0008319727958050209,-0.0008306772974117206
0.006206206206206206,-0.0008399115801266465,-0.0008386530804572409
0.006256256256256257,-0.0008478172418411333,-0.0008465905602976393
0.006306306306306307,-0.0008556885118301998,-0.0008544880636664219
0.006356356356356356,-0.0008635240849718484,-0.0008623439007042495
0.006406406406406407,-0.0008713226188676843,-0.0008701563696928287
0.006456456456456457,-0.0008790827325893301,-0.0008779237552322822
0.006506506506506506,-0.0008868030054445727,-0.0008856443273293239
0.006556556556556557,-0.0008944819757642614,-0.0008933163436201215
0.006606606606606607,-0.0009021181397110941,-0.0009009380485169378
0.006656656656656657,-0.0009097099501109325,-0.0009085076734754563
0.006706706706706707,-0.0009172558153079217,-0.0009160234341086126
0.006756756756756757,-0.0009247540980444676,-0.0009234835332338005
0.006806806806806807,-0.0009322031143669107,-0.000930886160176681
0.006856856856856857,-0.0009396011325582672,-0.0009382294882372128
0.006906906906906907,-0.0009469463720991043,-0.0009455116750184625
0.006956956956956958,-0.0009542370026576166,-0.0009527308617622898
0.007007007007007007,-0.0009614711431103065,-0.0009598851738707774
0.007057057057057057,-0.000968646860594368,-0.0009669727168745118
0.007107107107107108,-0.0009757621695932698,-0.0009739915774868085
0.007157157157157158,-0.0009828150310565906,-0.0009809398228845221
0.007207207207207207,-0.0009898033515558537,-0.0009878154996922055
0.007257257257257258,-0.000996724982477487,-0.0009946166302222249
0.007307307307307308,-0.001003577719254534,-0.001001341211981107
0.007357357357357357,-0.001010359300638664,-0.001007987219292435
0.007407407407407408,-0.00101706740801393,-0.001014552598412021
0.007457457457457458,-0.001023699664754065,-0.001021035266281759
0.007507507507507507,-0.001030253635624774,-0.001027433110825081
0.007557557557557558,-0.001036726826232939,-0.001033743985586625
0.007607607607607608,-0.001043116682524421,-0.001039965714517725
0.007657657657657658,-0.001049420590332228,-0.001046096080328274
0.007707707707707708,-0.001055635874976982,-0.0010521328329949
0.007757757757757758,-0.001061759800921578,-0.001058073681045492
0.007807807807807808,-0.001067789571481965,-0.001063916293189829
0.007857857857857859,-0.001073722328596099,-0.00106965829323675
0.007907907907907909,-0.001079555152653133,-0.001075297261386521
0.007957957957957958,-0.001085285062384827,-0.001080830731097403
0.008008008008008008,-0.001090909014821456,-0.001086256185316542
0.008058058058058058,-0.001096423905314319,-0.001091571060107291
0.008108108108108109,-0.001101826567627071,-0.001096772735392847
0.008158158158158159,-0.001107113774098145,-0.001101858539667519
0.008208208208208209,-0.001112282235876533,-0.001106825744356842
0.008258258258258259,-0.001117328603233244,-0.001111671563873455
0.008308308308308308,-0.001122249465950777,-0.001116393154363578
0.008358358358358358,-0.001127041353792968,-0.001120987611117514
0.008408408408408409,-0.001131700737057574,-0.00112545196841576
0.008458458458458459,-0.001136224027214011,-0.001129783196109738
0.008508508508508509,-0.001140607577628601,-0.001133978201789884
0.00855855855855856,-0.001144847684379752,-0.001138033826702318
0.008608608608608608,-0.001148940587165468,-0.001141946848179654
0.008658658658658658,-0.001152882470305538,-0.00114571397409367
0.008708708708708709,-0.001156669463840803,-0.001149331847653238
0.008758758758758759,-0.001160297644731812,-0.001152797043206972
0.008808808808808809,-0.001163763038159229,-0.001156106067369163
0.00885885885885886,-0.001167061618928181,-0.001159255360332404
0.00890890890890891,-0.001170189312978848,-0.001162241292303935
0.008958958958958959,-0.001173141999005405,-0.001165060168799251
0.009009009009009009,-0.001175915510185481,-0.001167708225416317
0.009059059059059059,-0.001178505636022104,-0.001170181634238688
0.00910910910910911,-0.001180908124300117,-0.001172476501668435
0.00915915915915916,-0.001183118683158934,-0.001174588869476605
0.00920920920920921,-0.001185132983283342,-0.001176514716507372
0.00925925925925926,-0.00118694666021406,-0.001178249961657691
0.009309309309309309,-0.001188555316779508,-0.001179790464573899
0.009359359359359359,-0.001189954525650232,-0.001181132027307108
0.00940940940940941,-0.001191139832017187,-0.001182270397323752
0.00945945945945946,-0.001192106756394993,-0.001183201269320199
0.00950950950950951,-0.001192850797551076,-0.001183920290458205
0.009559559559559561,-0.001193367435561445,-0.001184423058646726
0.009609609609609611,-0.001193652134993652,-0.001184705130440066
0.009659659659659659,-0.001193700348217323,-0.001184762022354445
0.00970970970970971,-0.001193507518842363,-0.001184589213855346
0.00975975975975976,-0.001193069085284802,-0.001184182153795041
0.00980980980980981,-0.001192380484459951,-0.001183536262392146
0.009859859859859861,-0.001191437155602325,-0.001182646937089567
0.009909909909909911,-0.001190234544211533,-0.001181509553933442
0.00995995995995996,-0.001188768106123044,-0.001180119478283476
0.01001001001001001,-0.001187033300798632,-0.001178472063883697
0.01006006006006006,-0.001185025583663839,-0.00117656266158729
0.01011011011011011,-0.001182740510124278,-0.001174386623744927
0.01016016016016016,-0.001180173620530774,-0.001171939309933239
0.01021021021021021,-0.001177320487743683,-0.001169216093089579
0.01026026026026026,-0.001174176721914533,-0.001166212363895956
0.01031031031031031,-0.001170737975376803,-0.001162923539926039
0.01036036036036036,-0.001166999947642318,-0.001159345068196986
0.01041041041041041,-0.00116295839049942,-0.001155472435689208
0.01046046046046046,-0.001158609113208669,-0.001151301172008304
0.01051051051051051,-0.001153947987791544,-0.00114682685725259
0.01056056056056056,-0.001148970954407208,-0.001142045131883932
0.01061061061061061,-0.001143674026812073,-0.0011369516990544
0.01066066066066066,-0.001138053297896527,-0.001131542333971467
0.01071071071071071,-0.001132104945292856,-0.001125812890124264
0.01076076076076076,-0.001125825237047979,-0.001119759306490455
0.01081081081081081,-0.001119210537354334,-0.001113377617910118
0.01086086086086086,-0.001112257312331821,-0.001106663955383054
0.01091091091091091,-0.00110496213585343,-0.001099614558585451
0.01096096096096096,-0.001097321695406762,-0.001092225782160699
0.01101101101101101,-0.001089332797983406,-0.001084494100893671
0.01106106106106106,-0.001080992375987703,-0.001076416120450785
0.01111111111111111,-0.001072297493156187,-0.001067988580096439
0.01116116116116116,-0.001063245350478635,-0.001059208363838679
0.01121121121121121,-0.001053833292111392,-0.001050072502624345
0.01126126126126126,-0.001044058811273308,-0.001040578187257188
0.01131131131131131,-0.001033919556114404,-0.001030722770516008
0.01136136136136136,-0.001023413335547079,-0.001020503775744577
0.01141141141141141,-0.001012538125029476,-0.001009918902448001
0.01146146146146146,-0.001001292072290362,-0.0009989660333423695
0.01151151151151151,-0.0009896735029847109,-0.0009876432419201368
0.01156156156156156,-0.0009776809262689761,-0.0009759487952451978
0.01161161161161161,-0.0009653130402848922,-0.0009638811629511557
0.01166166166166166,-0.0009525687375405297,-0.0009514390220336682
0.01171171171171171,-0.0009394471101771449,-0.0009386212603523904
0.01176176176176176,-0.0009259474551104224,-0.0009254269861973675
0.01181181181181181,-0.0009120692790344785,-0.0009118555291176742
0.01186186186186186,-0.0008978123032771277,-0.0008979064470716893
0.01191191191191191,-0.0008831764684947728,-0.000883579530755821
0.01196196196196196,-0.000868161939195454,-0.0008688748071423895
0.01201201201201201,-0.0008527691080785176,-0.0008537925446210715
0.01206206206206206,-0.0008369986001795409,-0.0008383332562791854
0.01211211211211211,-0.0008208512768092611,-0.0008224977014405642
0.01216216216216216,-0.000804328239275376,-0.0008062868925492978
0.01221221221221221,-0.0007874308323763364,-0.0007897020955620908
0.01226226226226226,-0.0007701606476563584,-0.0007727448337634106
0.01231231231231231,-0.0007525195264113441,-0.0007554168880646626
0.01236236236236236,-0.0007345095624353867,-0.0007377203018724336
0.01241241241241241,-0.0007161331044982218,-0.0007196573789658429
0.01246246246246246,-0.0006973927585439468,-0.000701230690234774
0.01251251251251251,-0.0006782913896020608,-0.0006824430667019915
0.01256256256256256,-0.0006588321234021052,-0.0006632976086376009
0.01261261261261261,-0.0006390183476836484,-0.0006437976787830775
0.01266266266266266,-0.0006188537131938435,-0.000623946909702114
0.01271271271271271,-0.0005983421343655436,-0.0006037491940808655
0.01276276276276276,-0.0005774877896688482,-0.0005832086897644234
0.01281281281281281,-0.0005562951216304334,-0.0005623298211933836
0.01286286286286286,-0.0005347688365147879,-0.0005411172707000364
0.01291291291291291,-0.0005129139036625231,-0.0005195759812884402
0.01296296296296296,-0.0004907355544815699,-0.0004977111550218914
0.01301301301301301,-0.0004682392810875382,-0.0004755282492186873
0.01306306306306306,-0.0004454308345903769,-0.0004530329700035352
0.01311311311311311,-0.0004223162230250276,-0.000430231277586704
0.01316316316316316,-0.0003989017089246793,-0.000407129375284871
0.01321321321321321,-0.0003751938065357303,-0.0003837337078527996
0.01326326326326326,-0.000351199278674583,-0.0003600509593912473
0.01331331331331331,-0.0003269251332268198,-0.0003360880474485575
0.01336336336336336,-0.0003023786192903782,-0.0003118521192948128
0.01341341341341341,-0.0002775672229650255,-0.0002873505422138187
0.01346346346346346,-0.0002524986627910714,-0.000262590905361096
0.01351351351351351,-0.0002271808848412493,-0.0002375810107788057
0.01356356356356356,-0.0002016220574703061,-0.0002123288681719971
0.01361361361361361,-0.0001758305657276408,-0.0001868426844998644
0.01366366366366366,-0.0001498150054392952,-0.0001611308651284405
0.01371371371371371,-0.0001235841769660055,-0.0001352020033187096
0.01376376376376376,-9.714707864506088e-05,-0.0001090648734858607
0.01381381381381381,-7.051289992440461e-05,-8.27284238571015e-05
0.01386386386386386,-4.369101419793861e-05,-5.620177014776629e-05
0.01391391391391392,-1.669097135195609e-05,-2.949418826109633e-05
0.01396396396396397,1.047750996686247e-05,-2.615106427377871e-06
0.01401401401401401,3.780455035067519e-05,2.442590130706353e-05
0.01406406406406406,6.528011788529824e-05,5.16191273758422e-05
0.01411411411411411,9.289403664806568e-05,7.895473258495689e-05
0.01416416416416416,0.0001206359954358642,0.0001064227591979036
0.01421421421421422,0.000148495556709801,0.0001340131344319745
0.01426426426426427,0.0001764621657424803,0.0001617156857661709
0.01431431431431432,0.0002045251599533398,0.0001895201423710365
0.01436436436436436,0.0002326737784172344,0.0002174161468831307
0.01441441441441441,0.0002608971715306429,0.000245393266524322
0.01446446446446446,0.0002891844108200764,0.0002734409961612477
0.01451451451451452,0.0003175244988763663,0.0003015487721205786
0.01456456456456457,0.0003459063793986255,0.0003297059769927103
0.01461461461461462,0.0003743189473312309,0.0003579019524084521
0.01466466466466467,0.0004027510590770442,0.0003861260055373397
0.01471471471471471,0.0004311915427698769,0.0004143674164499746
0.01476476476476477,0.0004596292085891781,0.0004426154512776428
0.01481481481481482,0.0004880528590996269,0.0004708593663761833
0.01486486486486487,0.0005164512995986601,0.0004990884219852447
0.01491491491491492,0.0005448133484545207,0.0005272918845346459
0.01496496496496497,0.0005731278474179723,0.0005554590416672093
0.01501501501501501,0.0006013836718902853,0.0005835792071894254
0.01506506506506507,0.0006295697411310291,0.0006116417300770464
0.01511511511511512,0.0006576750283885972,0.0006396360052972083
0.01516516516516517,0.0006856885709372319,0.0006675514777183919
0.01521521521521522,0.0007135994800042467,0.0006953776537251826
0.01526526526526527,0.0007413969505714852,0.0007231041088743436
0.01531531531531532,0.0007690702710355467,0.0007507204948508526
0.01536536536536537,0.0007966088327115811,0.000778216548484168
0.01541541541541542,0.000824002139165798,0.0008055820991107652
0.01546546546546547,0.0008512398153624055,0.0008328070743002231
0.01551551551551552,0.0008783116166111999,0.0008598815107553255
0.01556556556556557,0.0009052074373023536,0.0008867955590373592
0.01561561561561562,0.0009319173194156832,0.0009135394918990006
0.01566566566566567,0.0009584314607922238,0.000940103709040216
0.01571571571571572,0.0009847402231562066,0.0009664787485903354
0.01576576576576577,0.001010834139876842,0.00099265528698107
0.01581581581581582,0.001036703923459071,0.001018624152375609
0.01586586586586586,0.001062340472753821,0.001044376324545718
0.01591591591591592,0.001087734879878648,0.001069902945824745
0.01596596596596597,0.001112878436840304,0.001095195321950009
0.01601601601601602,0.001137762641851512,0.001120244936104258
0.01606606606606607,0.001162379205335168,0.001145043442387945
0.01611611611611612,0.001186720055609335,0.001169582680804492
0.01616616616616617,0.001210777344247819,0.001193854677188214
0.01621621621621622,0.001234543451111299,0.001217851652173307
0.01626626626626627,0.001258010989044797,0.001241566018994215
0.01631631631631632,0.00128117280823839,0.001264990394512059
0.01636636636636637,0.001304022000248144,0.001288117599058959
0.01641641641641642,0.001326551901675519,0.001310940662959814
0.01646646646646647,0.0013487560975039,0.001333452829670815
0.01651651651651652,0.001370628424091655,0.001355647555913044
0.01656656656656657,0.001392162971821926,0.001377518518745926
0.01661661661661662,0.001413354087409813,0.001399059617647409
0.01666666666666667,0.001434196375868557,0.001420264976839363
0.01671671671671672,0.001454684702136644,0.001441128946618314
0.01676676676676677,0.001474814192368648,0.001461646108972901
0.01681681681681682,0.001494580234893232,0.001481811273817301
0.01686686686686687,0.001513978480841895,0.001501619489484931
0.01691691691691692,0.001533004844453378,0.00152106603458191
0.01696696696696697,0.001551655503058421,0.001540146427811834
0.01701701701701702,0.001569926896750561,0.001558856422149277
0.01706706706706707,0.001587815727748978,0.00157719201311778
0.01711711711711712,0.001605318959460009,0.00159514943147983
0.01716716716716717,0.001622433815244036,0.00161272515138707
0.01721721721721722,0.001639157776895535,0.001629915884251195
0.01726726726726727,0.001655488582843621,0.001646718584511079
0.01731731731731732,0.001671424226081627,0.001663130445901612
0.01736736736736737,0.001686962951833906,0.00167914890156451
0.01741741741741742,0.001702103254968888,0.001694771624538162
0.01746746746746747,0.001716843877167283,0.001709996526196172
0.01751751751751752,0.001731183803854938,0.00172482175686362
0.01756756756756757,0.001745122260909764,0.001739245703154439
0.01761761761761762,0.001758658711152615,0.001753266987489516
0.01766766766766767,0.001771792850632024,0.001766884465065793
0.01771771771771772,0.001784524604712888,0.001780097226122998
0.01776776776776777,0.001796854123979255,0.001792904589056912
0.01781781781781782,0.001808781779961635,0.001805306102589406
0.01786786786786787,0.001820308160699071,0.001817301539995424
0.01791791791791792,0.001831434066146538,0.001828890900523061
0.01796796796796797,0.001842160503437866,0.001840074404284462
0.01801801801801802,0.001852488682014919,0.001850852489691581
0.01806806806806807,0.001862420008633098,0.001861225810828458
0.01811811811811812,0.001871956082253787,0.001871195236317768
0.01816816816816817,0.001881098688833844,0.001880761842954084
0.01821821821821822,0.001889849796022356,0.001889926915009218
0.01826826826826827,0.001898211547774746,0.001898691937949711
0.01831831831831832,0.001906186258894121,0.001907058598701282
0.01836836836836837,0.001913776409509688,0.001915028778279925
0.01841841841841842,0.001920984639501783,0.001922604549394967
0.01846846846846847,0.001927813742883019,0.001929788172876096
0.01851851851851852,0.001934266662144724,0.001936582092297766
0.01856856856856857,0.001940346482577708,0.001942988930004835
0.01861861861861862,0.001946056426576175,0.001949011484129978
0.01866866866866867,0.001951399847933303,0.001954652720935462
0.01871871871871872,0.00195638022613682,0.001959915773432486
0.01876876876876877,0.001961001160672639,0.001964803934768267
0.01881881881881882,0.001965266365344319,0.001969320654705674
0.01886886886886887,0.001969179662615893,0.001973469531980363
0.01891891891891892,0.001972744977985263,0.001977254311380451
0.01896896896896897,0.001975966334395146,0.001980678879740937
0.01901901901901902,0.001978847846688199,0.001983747256702579
0.01906906906906907,0.001981393716112714,0.001986463594803537
0.01911911911911912,0.001983608224884909,0.001988832168039954
0.01916916916916917,0.001985495730813617,0.001990857370997402
0.01921921921921922,0.001987060661992806,0.001992543711462991
0.01926926926926927,0.001988307511567105,0.001993895805634214
0.01931931931931932,0.001989240832575192,0.001994918370477403
0.01936936936936937,0.001989865232875595,0.001995616220867158
0.01941941941941942,0.001990185370159157,0.00199599426233042
0.01946946946946947,0.001990205947052159,0.001996057486192461
0.01951951951951952,0.00198993170631372,0.001995810960436564
0.01956956956956957,0.001989367426130889,0.001995259828327788
0.01961961961961962,0.001988517915514501,0.00199440930192962
0.01966966966966967,0.001987388009798619,0.00199326465382689
0.01971971971971972,0.001985982566246085,0.001991831211600457
0.01976976976976977,0.001984306459762465,0.001990114353369017
0.01981981981981982,0.001982364578720358,0.001988119504513914
0.01986986986986987,0.001980161820895866,0.001985852124995738
0.01991991991991992,0.001977703089518634,0.00198331771029972
0.01996996996996997,0.001974993289436843,0.001980521781944835
0.02002002002002002,0.001972037304115798,0.001977469881833028
0.02007007007007007,0.001968840022324803,0.001974167570082142
0.02012012012012012,0.001965406361422809,0.001970620416046754
0.02017017017017017,0.001961741196700471,0.001966833991756938
0.02022022022022022,0.001957849387640355,0.001962813870685268
0.02027027027027027,0.001953735774785042,0.001958565619377002
0.02032032032032032,0.001949405176722772,0.001954094792282216
0.02037037037037037,0.001944862387190264,0.001949406929027219
0.02042042042042042,0.001940112172292116,0.001944507544799774
0.02047047047047047,0.001935159267836085,0.001939402130699078
0.02052052052052052,0.001930008376783397,0.001934096142945006
0.02057057057057057,0.001924664166813068,0.001928595005645181
0.02062062062062062,0.001919131267999109,0.00192290409819306
0.02067067067067067,0.001913414270599352,0.001917028752892214
0.02072072072072072,0.001907517722954551,0.001910974257518375
0.02077077077077077,0.001901446129496244,0.001904745841200339
0.02082082082082082,0.001895203948861835,0.001898348675623138
0.02087087087087087,0.001888795592115222,0.001891787870293338
0.02092092092092092,0.00188222542107124,0.001885068468979351
0.02097097097097097,0.001875497746722095,0.001878195445223755
0.02102102102102102,0.001868616827763916,0.00187117369846801
0.02107107107107107,0.001861586869221495,0.001864008052795364
0.02112112112112112,0.001854412021169209,0.001856703251828356
0.02117117117117117,0.001847096377546127,0.001849263957507174
0.02122122122122122,0.001839643975063192,0.001841694745613816
0.02127127127127127,0.001832058792200443,0.001834000103369184
0.02132132132132132,0.001824344748292082,0.00182618442903025
0.02137137137137137,0.00181650570269732,0.001818252026854284
0.02142142142142142,0.001808545454054793,0.001810207108126388
0.02147147147147147,0.001800467739618449,0.001802053786463144
0.02152152152152152,0.001792276234672678,0.00179379607829412
0.02157157157157157,0.001783974552024604,0.001785437900911487
0.02162162162162162,0.001775566241571336,0.001776983069960801
0.02167167167167167,0.001767054789940062,0.001768435300450655
0.02172172172172172,0.001758443620198889,0.001759798204849207
0.02177177177177177,0.001749736091636279,0.00175107529302469
0.02182182182182182,0.00174093549960705,0.00174226996945873
0.02187187187187187,0.001732045075442895,0.001733385537876615
0.02192192192192192,0.001723067986425342,0.001724425197565815
0.02197197197197197,0.001714007335819245,0.001715392042212965
0.02202202202202202,0.001704866162964807,0.001706289065557516
0.02207207207207207,0.001695647443426191,0.001697119158102862
0.02212212212212212,0.001686354089194945,0.001687885107030077
0.02217217217217217,0.001676988948946291,0.001678589599070992
0.02222222222222222,0.001667554808346531,0.001669235221249002
0.02227227227227227,0.001658054390409813,0.001659824465046159
0.02232232232232232,0.001648490355902567,0.001650359720568195
0.02237237237237237,0.001638865303793952,0.001640843282832418
0.02242242242242242,0.001629181771750568,0.001631277357057451
0.02247247247247247,0.001619442236674093,0.001621664052647328
0.02252252252252252,0.001609649115280118,0.001612005390628556
0.02257257257257258,0.001599804764716772,0.001602303304372457
0.02262262262262262,0.001589911483221712,0.0015925596417377
0.02267267267267267,0.001579971510816059,0.001582776168121619
0.02272272272272272,0.00156998703003398,0.001572954568346583
0.02277277277277277,0.001559960166686492,0.001563096447378826
0.02282282282282282,0.001549892990658458,0.001553203340709253
0.02287287287287287,0.001539787516737275,0.001543276706036001
0.02292292292292292,0.001529645705472316,0.001533317934599248
0.02297297297297297,0.001519469464063864,0.00152332835171661
0.02302302302302302,0.001509260647280515,0.001513309216952687
0.02307307307307307,0.001499021058403881,0.001503261733523214
0.02312312312312313,0.001488752450199713,0.001493187045965973
0.02317317317317318,0.001478456525914433,0.001483086243925569
0.02322322322322323,0.001468134940296,0.0014729603704015
0.02327327327327327,0.001457789300638306,0.001462810418386326
0.02332332332332332,0.001447421167848299,0.001452637336251958
0.02337337337337337,0.001437032057534717,0.001442442037204629
0.02342342342342342,0.001426623441117875,0.001432225390871645
0.02347347347347347,0.001416196746959559,0.001421988235900382
0.02352352352352352,0.001405753361512259,0.001411731382173968
0.02357357357357357,0.001395294630487064,0.001401455609708186
0.02362362362362362,0.001384821860039389,0.001391161674592441
0.02367367367367368,0.001374336317971905,0.001380850313116209
0.02372372372372373,0.001363839234953971,0.001370522244343437
0.02377377377377378,0.001353331805756829,0.001360178170136846
0.02382382382382383,0.001342815190503941,0.001349818783263874
0.02387387387387388,0.001332290515935971,0.001339444765905916
0.02392392392392393,0.001321758876689464,0.001329056795446767
0.02397397397397397,0.001311221336588915,0.00131865554560545
0.02402402402402402,0.001300678929951498,0.001308241689172406
0.02407407407407407,0.001290132662903806,0.001297815902229065
0.02412412412412412,0.001279583514710159,0.001287378866452259
0.02417417417417417,0.001269032439111709,0.001276931266493848
0.02422422422422423,0.001258480365675993,0.001266473800964088
0.02427427427427428,0.001247928201156154,0.001256007176558321
0.02432432432432433,0.001237376830859457,0.001245532116032887
0.02437437437437438,0.001226827120024373,0.001235049355186674
0.02442442442442443,0.001216279915205809,0.001224559650876476
0.02447447447447448,0.001205736045667847,0.001214063774701425
0.02452452452452453,0.001195196324783484,0.00120356252205366
0.02457457457457458,0.001184661551440831,0.00119305670791679
0.02462462462462462,0.001174132511455141,0.001182547172950461
0.02467467467467467,0.001163609978986256,0.001172034781545178
0.02472472472472472,0.001153094717960753,0.001161520422810052
0.02477477477477477,0.001142587483498442,0.001151005013760381
0.02482482482482483,0.001132089023342411,0.001140489499338372
0.02487487487487488,0.00112160007929231,0.001129974850950955
0.02492492492492493,0.001111121388640165,0.001119462068782671
0.02497497497497498,0.001100653685608163,0.001108952183972823
0.02502502502502503,0.001090197702787989,0.001098446257314808
0.02507507507507508,0.001079754172580914,0.001087945377584252
0.02512512512512513,0.001069323828638309,0.001077450663166764
0.02517517517517518,0.001058907407301837,0.001066963266122046
0.02522522522522523,0.001048505649042824,0.001056484364353138
0.02527527527527528,0.001038119299900207,0.001046015168531419
0.02532532532532533,0.00102774911291647,0.001035556916891198
0.02537537537537538,0.001017395849571009,0.001025110876895733
0.02542542542542543,0.001007060281210257,0.001014678347904727
0.02547547547547548,0.0009967431904740628,0.001004260653098517
0.02552552552552553,0.0009864453727176244,0.0009938591466184632
0.02557557557557558,0.0009761676374284224,0.0009834752100794572
0.02562562562562563,0.0009659108096375445,0.0009731102489927137
0.02567567567567568,0.0009556757313246467,0.0009627656970541119
0.02572572572572573,0.0009454632628161335,0.0009524430119112824
0.02577577577577578,0.000935274284175693,0.0009421436767992613
0.02582582582582583,0.00092510969658666,0.0009318691973414417
0.02587587587587588,0.0009149704237255294,0.0009216211024143628
0.02592592592592593,0.0009048574131258746,0.0009114009429106102
0.02597597597597598,0.0008947716375321528,0.0009012102909415546
0.02602602602602603,0.0008847140962424054,0.0008910507377653524
0.02607607607607608,0.0008746858164394956,0.0008809238968747646
0.02612612612612613,0.0008646878545099027,0.0008708313990246055
0.02617617617617618,0.0008547212973494113,0.0008607748913085016
0.02622622622622623,0.0008447872636549746,0.0008507560408463628
0.02627627627627628,0.0008348869052019559,0.0008407765287575774
0.02632632632632633,0.0008250214081058955,0.0008308380545402909
0.02637637637637638,0.000815191994068157,0.000820942331078124
0.02642642642642643,0.0008053999216043689,0.0008110910870857115
0.02647647647647648,0.0007956464872551045,0.0008012860662897562
0.02652652652652653,0.000785933026777637,0.0007915290232615003
0.02657657657657658,0.0007762609163181011,0.0007818217289905873
0.02662662662662663,0.0007666315735629439,0.0007721659675537519
0.02667667667667668,0.0007570464588689124,0.000762563534258602
0.02672672672672673,0.0007475070763703535,0.0007530162386844776
0.02677677677677678,0.0007380149750629959,0.0007435259031968393
0.02682682682682683,0.0007285717498631302,0.0007340943631351678
0.02687687687687688,0.0007191790426410081,0.0007247234665353548
0.02692692692692693,0.0007098385432274496,0.0007154150756616129
0.02697697697697698,0.0007005519903924697,0.0007061710645120708
0.02702702702702703,0.0006913211727946951,0.0006969933252500881
0.02707707707707708,0.0006821479299004154,0.0006878837602183175
0.02712712712712713,0.0006730341528709198,0.0006788442888901654
0.02717717717717718,0.0006639817854168196,0.0006698768487261166
0.02722722722722723,0.0006549928246180822,0.000660983391145556
0.02727727727727728,0.0006460693217082109,0.0006521658864815852
0.02732732732732733,0.0006372133828213027,0.0006434263245013592
0.02737737737737738,0.0006284271697003552,0.0006347667134959559
0.02742742742742743,0.0006197129003653185,0.0006261890838538192
0.02747747747747748,0.0006110728497394074,0.0006176954872945944
0.02752752752752753,0.0006025093502318051,0.0006092880000208868
0.02757757757757758,0.000594024792275374,0.0006009687236311953
0.02762762762762763,0.0005856216248172938,0.0005927397837627148
0.02767767767767768,0.0005773023557612613,0.0005846033365848795
0.02772772772772773,0.0005690695523589715,0.0005765615661665793
0.02777777777777778,0.0005609258415493737,0.0005686166890090615
0.02782782782782783,0.0005528739102435871,0.000560770954454123
0.02787787787787788,0.0005449165055535032,0.0005530266438339822
0.02792792792792793,0.0005370564349622151,0.0005453860771312629
0.02797797797797798,0.0005292965664339806,0.0005378516125684694
0.02802802802802803,0.0005216398284618255,0.0005304256463909402
0.02807807807807808,0.0005140892100505634,0.0005231106172266703
0.02812812812812813,0.0005066477606330145,0.0005159090069936528
0.02817817817817818,0.0004993185899173191,0.0005088233414005468
0.02822822822822823,0.0004921048676629879,0.0005018561940748991
0.02827827827827828,0.00048500982338351,0.0004950101870035281
0.02832832832832833,0.0004780367459731641,0.0004882879909425751
0.02837837837837838,0.000471188983255742,0.000481692328563139
0.02842842842842843,0.0004644699414528582,0.0004752259759431741
0.02847847847847848,0.0004578830845694677,0.0004688917623820201
0.02852852852852853,0.0004514319336942836,0.0004626925742501755
0.02857857857857858,0.0004451200662126967,0.0004566313529978173
0.02862862862862863,0.0004389511149298905,0.0004507111014447843
0.02867867867867868,0.0004329287671017794,0.0004449348768758238
0.02872872872872873,0.0004270567633714606,0.0004393058005243992
0.02877877877877878,0.0004213388966088942,0.0004338270531146044
0.02882882882882883,0.0004157790106515077,0.0004285018755067501
0.02887887887887888,0.00041038099894355,0.0004233335715392772
0.02892892892892893,0.0004051488030719522,0.0004183255068742343
0.02897897897897898,0.0004000864111966107,0.0004134811107354654
0.02902902902902903,0.0003951978563730071,0.0004088038721763758
0.02907907907907908,0.0003904872147651759,0.0004042973452080726
0.02912912912912913,0.0003859586037471024,0.0003999651427173866
0.02917917917917918,0.0003816161798907322,0.0003958109392129194
0.02922922922922923,0.0003774641368388765,0.0003918384717737733
0.02927927927927928,0.0003735067030613816,0.000388051533297717
0.02932932932932933,0.0003697481394930839,0.0003844539774612223
0.02937937937937938,0.0003661927370521976,0.0003810497133885954
0.02942942942942943,0.0003628448140378912,0.0003778427049994967
0.02947947947947948,0.0003597087134059989,0.0003748369675147262
0.02952952952952953,0.0003567887999219613,0.0003720365714588609
0.02957957957957958,0.0003540894571902557,0.0003694456313162804
0.02962962962962963,0.000351615084559778,0.0003670683090256255
0.02967967967967968,0.0003493700939048159,0.0003649088104559762
0.02972972972972973,0.0003473589062814654,0.0003629713798273658
0.02977977977977978,0.0003455859484595777,0.000361260298973177
0.02982982982982983,0.000344055649330515,0.0003597798828688337
0.02987987987987988,0.000342772436191275,0.0003585344741027264
0.02992992992992993,0.0003417407309057529,0.0003575284427737898
0.02997997997997998,0.0003409649459442042,0.000356766179356217
0.03003003003003003,0.000340449512034545,0.000356252090598827
0.03008008008008008,0.0003401988013126575,0.0003559905939877742
0.03013013013013013,0.0003402171522875477,0.0003559861163212942
0.03018018018018018,0.0003405088978464019,0.0003562430820373982
0.03023023023023023,0.0003410783399053327,0.0003567659183599227
0.03028028028028028,0.0003419297447556487,0.0003575590374925331
0.03033033033033033,0.0003430673383037116,0.0003586268398467475
0.03038038038038038,0.0003444953012078211,0.0003599737054897822
0.03043043043043043,0.0003462177639159207,0.0003616039857571465
0.03048048048048048,0.0003482388016082267,0.0003635220012973311
0.03053053053053053,0.0003505624290492614,0.0003657320299883965
0.03058058058058058,0.0003531925953540752,0.0003682383084520092
0.03063063063063063,0.0003561331786738138,0.0003710450174832073
0.03068068068068068,0.0003593879808061473,0.0003741562788830985
0.03073073073073073,0.0003629607217363985,0.0003775761498544725
0.03078078078078078,0.0003668550341155664,0.0003813086130346834
0.03083083083083083,0.0003710744576818142,0.0003853575705674997
0.03088088088088088,0.0003756224336322861,0.0003897268372572272
0.03093093093093093,0.0003805022989525188,0.0003944201361152767
0.03098098098098098,0.0003857172807109889,0.0003994410830652552
0.03103103103103103,0.0003912704903267085,0.000404793191593548
0.03108108108108108,0.0003971649178180895,0.0004104798524792885
0.03113113113113113,0.0004034034260416023,0.0004165043371908283
0.03118118118118118,0.000409988744929082,0.0004228697836085926
0.03123123123123123,0.00041692346573277,0.0004295791957288961
0.03128128128128128,0.0004242100352875542,0.0004366354265376474
0.03133133133133133,0.0004318507503000298,0.0004440411821372238
0.03138138138138138,0.0004398477516742854,0.0004517990076652188
0.03143143143143143,0.0004482030188846468,0.0004599112797132744
0.03148148148148149,0.0004569183644056253,0.0004683802049418406
0.03153153153153153,0.0004659954282097197,0.0004772078089694526
0.03158158158158159,0.0004754356723437634,0.0004863959316713129
0.03163163163163163,0.0004852403755946726,0.0004959462219578027
0.03168168168168169,0.0004954106282556888,0.0005058601263741581
0.03173173173173173,0.0005059473270041025,0.0005161388900274134
0.03178178178178179,0.0005168511699017888,0.0005267835461154998
0.03183183183183183,0.0005281226515296976,0.00053779491063893
0.03188188188188189,0.0005397620582676128,0.0005491735808253672
0.03193193193193193,0.000551769463730447,0.0005609199238436804
0.03198198198198199,0.0005641447243722972,0.0005730340796271177
0.03203203203203203,0.0005768874752694384,0.0005855159467903942
0.03208208208208209,0.0005899971260933735,0.0005983651875867224
0.03213213213213213,0.0006034728572847811,0.0006115812173479489
0.03218218218218218,0.0006173136164393763,0.0006251632033355256
0.03223223223223223,0.0006315181149160421,0.0006391100626183295
0.03228228228228228,0.0006460848246778961,0.0006534204557670818
0.03233233233233233,0.0006610119753761979,0.0006680927861084233
0.03238238238238238,0.0006762975516871594,0.0006831251953907633
0.03243243243243243,0.0006919392909110936,0.0006985155655081474
0.03248248248248248,0.0007079346808431871,0.0007142615127123092
0.03253253253253253,0.0007242809579245903,0.0007303603875097151
0.03258258258258259,0.000740975105682434,0.0007468092745724718
0.03263263263263264,0.0007580138534665963,0.0007636049899704667
0.03268268268268269,0.0007753936754908103,0.0007807440833453832
0.03273273273273274,0.0007931107901850412,0.0007982228359305801
0.03278278278278279,0.0008111611598657018,0.0008160372625014478
0.03283283283283284,0.0008295404907296202,0.0008341831082632092
0.03288288288288288,0.0008482442331770775,0.0008526558561237614
0.03293293293293294,0.0008672675824685861,0.0008714507254230578
0.03298298298298298,0.0008866054797197352,0.000890562670926361
0.03303303303303304,0.0009062526132374002,0.0009099863885434554
0.03308308308308308,0.0009262034202001011,0.0009297163176123985
0.03313313313313314,0.0009464520886848101,0.000949746642913652
0.03318318318318318,0.0009669925600413646,0.0009700712979699536
0.03323323323323324,0.0009878185316154683,0.0009906839698848038
0.03328328328328328,0.001008923459819926,0.001011578101478845
0.03333333333333334,0.00103030056355366,0.001032746897347014
0.03338338338338338,0.001051942827966709,0.001054183329085487
0.03343343343343344,0.001073843008569198,0.001075880137585303
0.03348348348348348,0.001095993635680996,0.001097829841784896
0.03353353353353353,0.001118387019218503,0.001120024740755699
0.03358358358358358,0.001141015253813833,0.001142456922803294
0.03363363363363363,0.001163870224261256,0.001165118270666552
0.03368368368368369,0.001186943611284763,0.001188000466417548
0.03373373373373374,0.001210226897619994,0.00121109500371286
0.03378378378378379,0.001233711374403055,0.001234393186156014
0.03383383383383384,0.00125738814785797,0.001257886143304108
0.03388388388388389,0.001281248146273858,0.001281564831839985
0.03393393393393394,0.001305282127262217,0.001305420047401281
0.03398398398398399,0.001329480685284109,0.001329442430869691
0.03403403403403404,0.001353834259436277,0.001353622475409783
0.03408408408408409,0.001378333141484683,0.001377950539467096
0.03413413413413414,0.001402967484133435,0.001402416849556267
0.03418418418418419,0.001427727309516334,0.001427011511831454
0.03423423423423423,0.001452602517897902,0.001451724521693908
0.03428428428428429,0.001477582896570205,0.001476545770722796
0.03433433433433433,0.001502658128931215,0.00150146505691095
0.03438438438438439,0.001527817803730307,0.001526472094217371
0.03443443443443443,0.001553051424465646,0.001551556520762403
0.03448448448448449,0.001578348418918367,0.001576707909133593
0.03453453453453453,0.0016036981488077,0.001601915774111392
0.03458458458458459,0.001629089919551241,0.001627169585480767
0.03463463463463463,0.001654512990114033,0.001652458772728092
0.03468468468468468,0.001679956582930287,0.001677772739258389
0.03473473473473473,0.001705409893881056,0.001703100866968011
0.03478478478478478,0.001730862102311194,0.00172843253033288
0.03483483483483484,0.001756302381069099,0.001753757103941345
0.03488488488488489,0.001781719906552328,0.001779063969022394
0.03493493493493494,0.001807103868742283,0.001804342528488408
0.03498498498498499,0.001832443481211692,0.001829582210524389
0.03503503503503504,0.001857727991087762,0.001854772480442171
0.03508508508508509,0.001882946688955125,0.001879902850497363
0.03513513513513514,0.001908088918681958,0.001904962885331113
0.03518518518518519,0.001933144087153471,0.001929942216677206
0.03523523523523524,0.001958101673896969,0.001954830543391249
0.03528528528528529,0.00198295124058286,0.001979617649128303
0.03533533533533534,0.002007682440386912,0.002004293403822215
0.03538538538538539,0.002032285027198438,0.002028847774323831
0.03543543543543544,0.002056748864660674,0.002053270834586068
0.03548548548548549,0.002081063935029012,0.002077552767993584
0.03553553553553554,0.002105220347833822,0.002101683881892108
0.03558558558558559,0.002129208348335025,0.002125654608002854
0.03563563563563564,0.002153018325755881,0.002149455514753522
0.03568568568568568,0.00217664082128419,0.002173077312168327
0.03573573573573574,0.002200066535829747,0.002196510858197954
0.03578578578578578,0.002223286337527145,0.002219747166161141
0.03583583583583584,0.002246291268974257,0.002242777410940023
0.03588588588588588,0.002269072554196524,0.002265592934734184
0.03593593593593594,0.002291621605328768,0.002288185252645108
0.03598598598598599,0.00231393002900604,0.002310546058307016
0.03603603603603604,0.002335989632456392,0.002332667230173211
0.03608608608608609,0.002357792429288623,0.002354540835065185
0.03613613613613614,0.002379330644969189,0.002376159133122162
0.03618618618618619,0.002400596721982735,0.002397514583110731
0.03623623623623624,0.002421583324671783,0.002418599847078178
0.03628628628628629,0.002442283343751545,0.00243940779253624
0.03633633633633634,0.002462689900496758,0.002459931497791152
0.03638638638638639,0.002482796350597872,0.002480164255072703
0.03643643643643644,0.00250259628768489,0.002500099573105359
0.03648648648648649,0.00252208354651762,0.002519731179525129
0.03653653653653654,0.00254125220584201,0.002539053026387254
0.03658658658658659,0.002560096590912547,0.002558059290825928
0.03663663663663664,0.002578611275681817,0.002576744373621433
0.03668668668668669,0.002596791084658611,0.002595102908585248
0.03673673673673674,0.002614631094436612,0.00261312975865852
0.03678678678678679,0.002632126634896611,0.002630820018328531
0.03683683683683684,0.002649273290085416,0.00264816901491713
0.03688688688688689,0.0026660668987753,0.002665172312577643
0.03693693693693694,0.002682503554708699,0.002681825706835417
0.03698698698698699,0.002698579606532731,0.002698125230564472
0.03703703703703703,0.002714291657429457,0.002714067152036985
0.03708708708708709,0.002729636564447431,0.002729647974726487
0.03713713713713714,0.002744611437541265,0.002744864436186326
0.03718718718718719,0.002759213638325912,0.002759713511042108
0.03723723723723724,0.002773440778552884,0.002774192405379842
0.03728728728728729,0.002787290718316262,0.002788298560809047
0.03733733733733734,0.002800761563996111,0.002802029649575048
0.03738738738738739,0.002813851665948078,0.002815383576545008
0.03743743743743744,0.002826559615947389,0.00282835847453113
0.03748748748748749,0.002838884244396371,0.002840952703798365
0.03753753753753754,0.00285082461730454,0.002853164852112571
0.03758758758758759,0.002862380033050675,0.002864993729850579
0.03763763763763764,0.002873550018936373,0.002876438369916914
0.03768768768768769,0.002884334327540768,0.002887498025385359
0.03773773773773774,0.002894732932886353,0.002898172165460528
0.03778778778778779,0.002904746026425843,0.002908460472857408
0.03783783783783784,0.00291437401286004,0.002918362844030503
0.03788788788788789,0.002923617505796967,0.00292787938160236
0.03793793793793794,0.002932477323262241,0.002937010395293154
0.03798798798798799,0.002940954483071011,0.002945756397540648
0.03803803803803804,0.002949050198071511,0.002954118099666778
0.03808808808808809,0.00295676587127038,0.002962096407681571
0.03813813813813814,0.002964103090849804,0.002969692420132691
0.03818818818818819,0.002971063625086494,0.002976907423896264
0.03823823823823824,0.002977649417182384,0.002983742891233579
0.03828828828828829,0.002983862580016788,0.002990200474977947
0.03833833833833834,0.002989705390829723,0.002996282004166671
0.03838838838838839,0.002995180285845897,0.003001989480913409
0.03843843843843844,0.003000289854848639,0.003007325076191839
0.03848848848848849,0.003005036835712962,0.00301229112650855
0.03853853853853854,0.003009424108906727,0.003016890125763497
0.03858858858858859,0.003013454691968608,0.003021124727201941
0.03863863863863864,0.003017131733971443,0.003024997732431064
0.03868868868868869,0.003020458509979194,0.003028512091860512
0.03873873873873874,0.003023438415505628,0.003031670896976422
0.03878878878878879,0.003026074960982481,0.003034477378707173
0.03883883883883884,0.003028371766244643,0.003036934899678877
0.03888888888888889,0.003030332555039636,0.003039046952474468
0.03893893893893894,0.003031961149568376,0.003040817151171029
0.03898898898898899,0.003033261465063939,0.003042249230291551
0.03903903903903904,0.003034237504414729,0.00304334703981939
0.03908908908908909,0.003034893352838225,0.003044114536605935
0.03913913913913914,0.003035233172611117,0.003044555783374159
0.03918918918918919,0.003035261197861417,0.003044674941528014
0.03923923923923924,0.003034981729427761,0.003044476268977358
0.03928928928928929,0.003034399129790917,0.003043964111425149
0.03933933933933934,0.003033517818082118,0.003043142901772873
0.03938938938938939,0.003032342265172629,0.003042017150404293
0.03943943943943944,0.003030876988848616,0.003040591442988258
0.03948948948948949,0.003029126549075109,0.003038870438177473
0.03953953953953954,0.003027095543352589,0.00303685885748143
0.03958958958958959,0.003024788602169382,0.003034561482181556
0.03963963963963964,0.003022210384552874,0.00303198314992597
0.03968968968968969,0.003019365573722147,0.003029128750434606
0.03973973973973974,0.003016258872844511,0.003026003215135947
0.0397897897897898,0.003012895000898021,0.003022611520742398
0.03983983983983984,0.003009278688641917,0.003018958676074921
0.0398898898898899,0.003005414674696616,0.003015049723253577
0.03993993993993994,0.003001307701734629,0.003010889730381603
0.03998998998999,0.002996962512783598,0.003006483788041036
0.04004004004004004,0.002992383811079744,0.003001837001358493
0.04009009009009009,0.002987576358841963,0.002996954491470497
0.04014014014014014,0.002982544888437157,0.002991841383252695
0.04019019019019019,0.002977294109603995,0.002986502808913031
0.04024024024024024,0.002971828715656043,0.00298094389723962
0.04029029029029029,0.002966153380469869,0.002975169772773104
0.04034034034034034,0.002960272755587508,0.002969185547593186
0.04039039039039039,0.002954191467432859,0.002962996323263464
0.04044044044044044,0.002947914114641432,0.002956607179517655
0.04049049049049049,0.002941445265502703,0.002950023178165354
0.04054054054054054,0.002934789455514205,0.002943249349612361
0.04059059059059059,0.002927951185046347,0.002936290696938394
0.04064064064064064,0.002920934917116797,0.002929152189872749
0.04069069069069069,0.002913745075273217,0.002921838756568188
0.04074074074074074,0.002906386041582948,0.002914355287155199
0.04079079079079079,0.002898862154728187,0.002906706625567516
0.04084084084084084,0.002891177708205147,0.00289889756742974
0.04089089089089089,0.002883336948625456,0.002890932855210641
0.04094094094094095,0.00287534407411821,0.00288281717871815
0.040990990990991,0.002867203232830779,0.002874555167615275
0.04104104104104105,0.00285891852152658,0.002866151393009768
0.04109109109109109,0.002850493984277917,0.002857610358582812
0.04114114114114115,0.002841933611251892,0.002848936505826449
0.04119119119119119,0.002833241337587461,0.002840134203042553
0.04124124124124125,0.002824421042361567,0.002831207750160966
0.04129129129129129,0.002815476547642312,0.002822161372336494
0.04134134134134135,0.002806411617627107,0.002812999218729682
0.04139139139139139,0.002797229957863707,0.002803725359766906
0.04144144144144144,0.002787935214552,0.002794343787841816
0.04149149149149149,0.00277853097392454,0.002784858413253795
0.04154154154154154,0.002769020761703572,0.002775273063188215
0.04159159159159159,0.002759408042632622,0.002765591481202773
0.04164164164164164,0.002749696220080425,0.002755817324397237
0.04169169169169169,0.002739888635715174,0.002745954163817777
0.04174174174174174,0.002729988569247057,0.002736005482315402
0.04179179179179179,0.002719999238236939,0.002725974676459942
0.04184184184184184,0.002709923797969333,0.002715865051676466
0.04189189189189189,0.002699765341387534,0.002705679823943467
0.04194194194194194,0.002689526899088977,0.002695422123230914
0.04199199199199199,0.002679211439379009,0.002685094985595361
0.04204204204204205,0.002668821868380995,0.002674701359781873
0.0420920920920921,0.002658361030201102,0.002664244104221002
0.04214214214214215,0.002647831707145782,0.002653725988453247
0.0421921921921922,0.002637236619990267,0.002643149692987787
0.04224224224224225,0.002626578428296278,0.002632517812026824
0.0422922922922923,0.002615859730777377,0.002621832849721386
0.04234234234234235,0.002605083065710135,0.002611097226951789
0.0423923923923924,0.002594250911389638,0.00260031327795441
0.04244244244244245,0.002583365686627751,0.002589483253199679
0.0424924924924925,0.002572429751292531,0.002578609319718001
0.04254254254254254,0.00256144540688751,0.002567693565222053
0.0425925925925926,0.002550414897169163,0.002556737996316549
0.04264264264264264,0.002539340408801372,0.0025457445431807
0.04269269269269269,0.002528224072045549,0.00253471505883093
0.04274274274274274,0.002517067961484889,0.002523651323013315
0.04279279279279279,0.002505874096781882,0.002512555043780434
0.04284284284284284,0.002494644443467497,0.002501427859235848
0.04289289289289289,0.002483380913761059,0.002490271338093819
0.04294294294294294,0.0024720853674198,0.002479086988247026
0.04299299299299299,0.002460759612616614,0.002467876250492174
0.04304304304304304,0.002449405406845464,0.00245664050761233
0.04309309309309309,0.002438024457852989,0.002445381083139775
0.04314314314314315,0.002426618424595596,0.002434099247466506
0.0431931931931932,0.002415188918221002,0.002422796217277342
0.04324324324324325,0.002403737503073277,0.002411473158832052
0.0432932932932933,0.002392265697720662,0.002400131194239377
0.04334334334334335,0.002380774976005056,0.002388771396809597
0.0433933933933934,0.002369266768112653,0.00237739480098446
0.04344344344344345,0.002357742461664652,0.002366002403859945
0.0434934934934935,0.002346203402827472,0.002354595163778805
0.04354354354354355,0.002334650897441657,0.002343174008029338
0.0435935935935936,0.002323086212168674,0.002331739831337934
0.04364364364364365,0.00231151057565513,0.002320293503828959
0.0436936936936937,0.002299925179713384,0.002308835868302413
0.04374374374374375,0.002288331180518214,0.002297367746067328
0.0437937937937938,0.002276729699818724,0.002285889939739504
0.04384384384384385,0.002265121826164877,0.002274403233272114
0.04389389389389389,0.002253508616148065,0.002262908398361188
0.04394394394394395,0.002241891095655113,0.002251406194145154
0.04399399399399399,0.002230270261135127,0.002239897367750493
0.04404404404404404,0.002218647080878522,0.002228382663125993
0.04409409409409409,0.002207022496307809,0.002216862817114142
0.04414414414414414,0.002195397423279494,0.00220533856411034
0.04419419419419419,0.002183772753396387,0.002193810638047219
0.04424424424424424,0.002172149355330123,0.002182279773173423
0.0442942942942943,0.00216052807615299,0.002170746708961901
0.04434434434434435,0.002148909742678683,0.00215921218746234
0.0443943943943944,0.002137295162811511,0.002147676959748969
0.04444444444444445,0.002125685126903339,0.002136141781841453
0.0444944944944945,0.002114080409117924,0.002124607422075011
0.04454454454454455,0.002102481768801913,0.002113074657617482
0.0445945945945946,0.002090889951862188,0.002101544279509321
0.04464464464464465,0.002079305692148834,0.002090017089787433
0.0446946946946947,0.002067729712843321,0.002078493904160397
0.04474474474474475,0.002056162727851293,0.002066975556547344
0.0447947947947948,0.00204460544319946,0.002055462891585348
0.04484484484484485,0.002033058558436105,0.002043956772243708
0.0448948948948949,0.002021522768034545,0.002032458076488682
0.04494494494494495,0.002009998762799121,0.002020967701704801
0.044994994994995,0.001998487231273113,0.002009486558254715
0.04504504504504505,0.001986988861148065,0.001998015574395163
0.0450950950950951,0.001975504340673953,0.001986555696149921
0.04514514514514515,0.001964034360069612,0.001975107885419083
0.0451951951951952,0.001952579612932949,0.001963673119658165
0.04524524524524524,0.00194114079765026,0.00195225239371332
0.0452952952952953,0.001929718618804237,0.00194084671684286
0.04534534534534534,0.001918313788579952,0.001929457112693636
0.0453953953953954,0.001906927028168272,0.00191808461925391
0.04544544544544545,0.001895559069166235,0.001906730289398567
0.0454954954954955,0.001884210654973669,0.001895395186138191
0.04554554554554555,0.001872882542185504,0.001884080387805615
0.0455955955955956,0.001861575501979186,0.00187278698048106
0.04564564564564565,0.001850290321496603,0.001861516061823428
0.0456956956956957,0.001839027805219855,0.001850268738669679
0.04574574574574575,0.001827788776340328,0.001839046125953739
0.0457957957957958,0.001816574078120305,0.001827849346388312
0.04584584584584585,0.001805384575246699,0.001816679526783298
0.0458958958958959,0.001794221155175959,0.001805537802321433
0.04594594594594595,0.001783084729469816,0.001794425309825051
0.045995995995996,0.001771976235120872,0.001783343192403782
0.04604604604604605,0.001760896635867619,0.001772292593423268
0.0460960960960961,0.001749846923498073,0.001761274658837818
0.04614614614614615,0.001738828119141219,0.001750290536672573
0.0461961961961962,0.001727841274545765,0.001739341374838701
0.04624624624624625,0.001716887473345254,0.001728428321685171
0.0462962962962963,0.001705967832308846,0.001717552524740752
0.04634634634634635,0.001695083502577092,0.001706715131558061
0.0463963963963964,0.001684235670881679,0.0016959172890535
0.04644644644644645,0.001673425560748533,0.001685160143135955
0.0464964964964965,0.00166265443368334,0.001674444838469727
0.04654654654654655,0.001651923590338631,0.001663772521082672
0.0465965965965966,0.001641234371661537,0.001653144336111465
0.04664664664664665,0.001630588160021298,0.001642561431550342
0.0466966966966967,0.001619986380315575,0.001632024953776156
0.04674674674674675,0.00160943050105464,0.001621536056494449
0.0467967967967968,0.001598922035422293,0.001611095895882672
0.04684684684684685,0.001588462542312697,0.001600705633983375
0.0468968968968969,0.001578053627341752,0.001590366442101908
0.04694694694694695,0.001567696943832221,0.001580079500991773
0.046996996996997,0.001557394193771221,0.001569846002419732
0.04704704704704705,0.001547147128738978,0.001559667155391374
0.0470970970970971,0.001536957550807683,0.001549544187540619
0.04714714714714715,0.001526827313409036,0.001539478345645942
0.0471971971971972,0.001516758322169358,0.001529470902614226
0.04724724724724725,0.001506752535710669,0.00151952315852627
0.0472972972972973,0.001496811966416683,0.001509636447837459
0.04734734734734735,0.001486938681161875,0.001499812141471961
0.0473973973973974,0.001477134802002469,0.001490051651496204
0.04744744744744745,0.001467402506827686,0.001480356437773058
0.0474974974974975,0.00145774402996955,0.001470728011670784
0.04754754754754755,0.001448161662769888,0.00146116794163758
0.0475975975975976,0.001438657754102601,0.001451677861196093
0.04764764764764765,0.001429234710849569,0.001442259471048317
0.0476976976976977,0.001419894998328552,0.001432914552684924
0.04774774774774775,0.001410641140670928,0.001423644965151508
0.0477977977977978,0.001401475721147833,0.001414452661767501
0.04784784784784785,0.001392401382442448,0.001405339691596274
0.0478978978978979,0.001383420826866563,0.001396308208804586
0.04794794794794795,0.001374536816519549,0.001387360481939115
0.047997997997998,0.001365752173387481,0.001378498899630207
0.04804804804804805,0.001357069779380531,0.001369725979698282
0.0480980980980981,0.00134849257630626,0.001361044379624829
0.04814814814814815,0.001340023565776967,0.001352456902920952
0.0481981981981982,0.001331665809048541,0.001343966509097918
0.04824824824824825,0.001323422426788912,0.001335576323881872
0.0482982982982983,0.001315296598773599,0.001327289646442684
0.04834834834834835,0.001307291563506234,0.001319109961396415
0.0483983983983984,0.001299410617761694,0.001311040947421892
0.04844844844844845,0.001291657116049514,0.00130308648439929
0.0484984984984985,0.001284034469995331,0.00129525066963111
0.04854854854854855,0.001276546147637938,0.001287537821905054
0.0485985985985986,0.001269195672639685,0.001279952493404917
0.04864864864864865,0.001261986623407864,0.001272499481611554
0.0486986986986987,0.001254922632124769,0.0012651838362582
0.04874874874874875,0.001248007383684169,0.001258010871717907
0.0487987987987988,0.001241244614531872,0.001250986176649401
0.04884884884884885,0.001234638111408171,0.001244115623303596
0.0488988988988989,0.001228191709989974,0.001237405377616884
0.04894894894894895,0.001221909293430438,0.00123086190775808
0.048998998998999,0.001215794790794066,0.001224491998580348
0.04904904904904905,0.001209852175385168,0.001218302753700383
0.0490990990990991,0.001204085462967769,0.001212301609190667
0.04914914914914915,0.001198498709875079,0.001206496345256505
0.0491991991991992,0.001193096011006721,0.001200895087030133
0.04924924924924926,0.00118788149771207,0.001195506321329892
0.04929929929929931,0.001182859335558085,0.001190338898358536
0.04934934934934935,0.001178033721980201,0.00118540204534554
0.0493993993993994,0.001173408883814971,0.001180705369215926
0.04944944944944945,0.001168989074713251,0.001176258864760783
0.0494994994994995,0.001164778572432937,0.001172072923996601
0.04954954954954955,0.001160781676010339,0.001168158338442722
0.0495995995995996,0.001157002702809557,0.001164526306768798
0.04964964964964965,0.001153445985449304,0.001161188442455479
0.0496996996996997,0.001150115868606916,0.001158156772436664
0.04974974974974975,0.001147016705699391,0.001155443746861864
0.0497997997997998,0.001144152855441608,0.001153062238765934
0.04984984984984985,0.001141528678282068,0.001151025549307915
0.0498998998998999,0.001139148532716701,0.001149347409645855
0.04994994994994995,0.001137016771481615,0.001148041981593293
0.05,0.001135137737625855,0.001147123857623433
