0,0.1,0.1000000000000202
5.005005005005005e-05,0.09998763608094842,0.09999495290548976
0.0001001001001001001,0.09995055232084668,0.09996449398204668
0.0001501501501501502,0.09988875788905595,0.09990866411262586
0.0002002002002002002,0.09980226806410679,0.09982750951514002
0.0002502502502502502,0.09969110422992165,0.09972108174440136
0.0003003003003003003,0.09955529387052789,0.09958943769280033
0.0003503503503503504,0.09939487056326263,0.09943263958960528
0.0004004004004004004,0.09920987397047115,0.09925075499908899
0.0004504504504504505,0.09900034982970123,0.09904385681725375
0.0005005005005005005,0.09876634994239507,0.09881202326728385
0.0005505505505505506,0.09850793216108236,0.09855533789373132
0.0006006006006006007,0.09822516037507736,0.09827388955532518
0.0006506506506506507,0.09791810449468318,0.09796777241649998
0.0007007007007007008,0.0975868404339081,0.09763708593763032
0.0007507507507507507,0.09723145009169705,0.09728193486391769
0.0008008008008008008,0.09685202133168382,0.09690242921296924
0.0008508508508508509,0.09644864796046829,0.09649868426105507
0.0009009009009009009,0.09602142970442495,0.09607082052807558
0.000950950950950951,0.09557047218504719,0.09561896376116033
0.001001001001001001,0.09509588689283485,0.09514324491699558
0.001051051051051051,0.09459779115973023,0.09464380014279461
0.001101101101101101,0.09407630813011027,0.09412077075598192
0.001151151151151151,0.09353156673034164,0.09357430322254087
0.001201201201201201,0.09296370163690641,0.0930045491340508
0.001251251251251251,0.09237285324310601,0.09241166518343996
0.001301301301301301,0.09175916762435199,0.09179581313935467
0.001351351351351351,0.09112279650205198,0.09115715981932977
0.001401401401401402,0.09046389720609967,0.09049587706154073
0.001451451451451452,0.08978263263597848,0.08981214169534482
0.001501501501501501,0.089079171220488,0.0891061355104707
0.001551551551551552,0.08835368687610361,0.08837804522496001
0.001601601601601602,0.08760635896397938,0.08762806245174726
0.001651651651651652,0.08683737224560484,0.08685638366407437
0.001701701701701702,0.08604691683712669,0.08606321015949166
0.001751751751751752,0.08523518816234665,0.08524874802268867
0.001801801801801802,0.08440238690440721,0.08441320808702805
0.001851851851851852,0.08354871895617705,0.08355680589480181
0.001901901901901902,0.08267439536934838,0.08267976165626312
0.001951951951951952,0.08177963230225924,0.08178230020739058
0.002002002002002002,0.08086465096645278,0.08086465096642691
0.002052052052052052,0.07992967757198768,0.07992704788918756
0.002102102102102102,0.07897494327151272,0.0789697294231578
0.002152152152152152,0.07800068410311918,0.07799293846034161
0.002202202202202202,0.07700714093198566,0.07699692228895245
0.002252252252252252,0.07599455939082946,0.0759819325438785
0.002302302302302303,0.07496318981917931,0.07494822515598924
0.002352352352352352,0.07391328720148435,0.07389606030022215
0.002402402402402403,0.07284511110407488,0.07282570234258186
0.002452452452452453,0.07175892561099027,0.07173741978590333
0.002502502502502502,0.07065499925869013,0.07063148521453734
0.002552552552552553,0.06953360496966438,0.06950817523785183
0.002602602602602603,0.06839501998495935,0.06836777043267853
0.002652652652652653,0.06723952579563608,0.06721055528459531
0.002702702702702703,0.06606740807317775,0.06603681812815279
0.002752752752752753,0.06487895659886386,0.06484685108599615
0.002802802802802803,0.0636744651921282,0.0636409500069396
0.002852852852852853,0.06245423163791848,0.06241941440297753
0.002902902902902903,0.06121855761307557,0.06118254738525279
0.002952952952952953,0.05996774861175078,0.0599306555990176
0.003003003003003003,0.05870211386987906,0.05866404915755199
0.003053053053053053,0.05742196628872726,0.05738304157511118
0.003103103103103103,0.0561276223575365,0.05608794969889896
0.003153153153153153,0.05481940207527695,0.05477909364005463
0.003203203203203203,0.05349762887153545,0.0534567967037011
0.003253253253253253,0.05216262952655455,0.05212138531803374
0.003303303303303304,0.05081473409044364,0.05077318896257819
0.003353353353353353,0.04945427580158122,0.04941254009541993
0.003403403403403404,0.04808159100422911,0.04803977407966395
0.003453453453453454,0.04669701906537919,0.04665522910895491
0.003503503503503503,0.04530090229085202,0.04525924613219628
0.003553553553553554,0.04389358584066971,0.04385216877742208
0.003603603603603604,0.04247541764372277,0.04243434327483514
0.003653653653653654,0.04104674831175237,0.04100611837907062
0.003703703703703704,0.03960793105266956,0.03956784529073589
0.003753753753753754,0.03815932158323235,0.03811987757708016
0.003803803803803804,0.03670127804110299,0.03666257109202069
0.003853853853853854,0.03523416089630617,0.03519628389542254
0.003903903903903904,0.03375833286211098,0.03372137617167402
0.003953953953953955,0.03227415880535834,0.03223821014760921
0.004004004004004004,0.03078200565625565,0.03074715000971028
0.004054054054054054,0.02928224231766152,0.02924856182076995
0.004104104104104105,0.02777523957388304,0.02774281343585502
0.004154154154154154,0.02626136999900752,0.02623027441769332
0.004204204204204204,0.02474100786479179,0.02471131595151636
0.004254254254254255,0.02321452904813219,0.02318631075933016
0.004304304304304304,0.02168231093813728,0.02165563301362269
0.004354354354354354,0.02014473234282683,0.02011965825061821
0.004404404404404405,0.01860217339548014,0.01857876328300129
0.004454454454454455,0.01705501546065659,0.01703332611218188
0.004504504504504504,0.01550364103991184,0.0154837258401344
0.004554554554554555,0.01394843367723275,0.01393034258078744
0.004604604604604605,0.01238977786421511,0.01237355737102292
0.004654654654654655,0.01082805894500641,0.01081375208133425
0.004704704704704705,0.009263663021038227,0.00925130932605326
0.004754754754754755,0.007696976855571438,0.00768661237331043
0.004804804804804805,0.006128387778077601,0.006120045054688188
0.004854854854854855,0.004558283588480562,0.004551991674525114
0.004904904904904905,0.002987052461281383,0.002982836919038965
0.004954954954954956,0.001415082849591292,0.001412965765141467
0.005005005005005005,-0.0001572366109048639,-0.0001572366109022129
0.005055055055055055,-0.001729517198030096,-0.001727384925037513
0.005105105105105106,-0.003301370199217796,-0.003297093877181231
0.005155155155155155,-0.004872407007612435,-0.004865978243045559
0.005205205205205205,-0.006442239218143909,-0.006433652966141324
0.005255255255255256,-0.008010478723551685,-0.007999733249886874
0.005305305305305306,-0.009576737810335858,-0.009563834649736643
0.005355355355355355,-0.01114062925461038,-0.01112557316539925
0.005405405405405406,-0.01270176641783576,-0.01268456533305386
0.005455455455455456,-0.01425976334240643,-0.01424042831759872
0.005505505505505505,-0.01581423484707016,-0.01579278000482402
0.005555555555555556,-0.01736479662215577,-0.01734123909358432
0.005605605605605606,-0.01891106532458454,-0.01888542518787033
0.005655655655655656,-0.02045265867264357,-0.02042495888877146
0.005705705705705706,-0.02198919554049627,-0.02195946188637374
0.005755755755755756,-0.02352029605240698,-0.02348855705141218
0.005805805805805806,-0.02504558167665694,-0.02501186852686419
0.005855855855855856,-0.02656467531912754,-0.02652902181924146
0.005905905905905906,-0.02807720141652866,-0.0280396438897573
0.005955955955955957,-0.02958278602924792,-0.02954336324516875
0.006006006006006006,-0.0310810569337991,-0.03103981002840894
0.006056056056056056,-0.03257164371484596,-0.03252861610888646
0.006106106106106107,-0.03405417785677912,-0.03400941517248252
0.006156156156156156,-0.0355282928348232,-0.03548184281123
0.006206206206206206,-0.03699362420565212,-0.03694553661258563
0.006256256256256257,-0.03844980969748914,-0.03840013624832209
0.006306306306306307,-0.03989648929967075,-0.03984528356303967
0.006356356356356356,-0.04133330535165115,-0.04128062266221108
0.006406406406406407,-0.04275990263142577,-0.04270579999975298
0.006456456456456457,-0.04417592844335194,-0.04412046446516328
0.006506506506506506,-0.04558103270534501,-0.04552426747007896
0.006556556556556557,-0.04697486803542845,-0.04691686303437331
0.006606606606606607,-0.04835708983761603,-0.04829790787164413
0.006656656656656657,-0.04972735638710567,-0.04966706147415993
0.006706706706706707,-0.0510853289147631,-0.05102398619716737
0.006756756756756757,-0.05243067169087509,-0.05236834734262447
0.006806806806806807,-0.05376305210815108,-0.05369981324222611
0.006856856856856857,-0.05508214076395278,-0.05501805533982037
0.006906906906906907,-0.0563876115417319,-0.05632274827307186
0.006956956956956958,-0.05767914169165494,-0.05761356995445971
0.007007007007007007,-0.05895641191039596,-0.0588902016515347
0.007057057057057057,-0.06021910642007733,-0.0601523280663508
0.007107107107107108,-0.06146691304633856,-0.06139963741422588
0.007157157157157158,-0.06269952329551465,-0.06263182150159349
0.007207207207207207,-0.0639166324309042,-0.06384857580309716
0.007257257257257258,-0.06511793954810886,-0.06504959953783049
0.007307307307307308,-0.06630314764942513,-0.06623459574466954
0.007357357357357357,-0.06747196371727059,-0.06740327135677972
0.007407407407407408,-0.06862409878662588,-0.0685553372751538
0.007457457457457458,-0.06975926801647502,-0.06969050844127379
0.007507507507507507,-0.07087719076022582,-0.07080850390879659
0.007557557557557558,-0.07197759063509387,-0.0719090469142615
0.007607607607607608,-0.07306019559043185,-0.07299186494684384
0.007657657657657658,-0.07412473797498802,-0.07405668981707805
0.007707707707707708,-0.07517095460307718,-0.07510325772454288
0.007757757757757758,-0.07619858681964756,-0.07613130932454601
0.007807807807807808,-0.07720738056422746,-0.07714058979367981
0.007857857857857859,-0.0781970864337362,-0.0781308488943817
0.007907907907907909,-0.07916745974414349,-0.0791018410382663
0.007957957957957958,-0.0801182605909623,-0.08005332534851974
0.008008008008008008,-0.0810492539085599,-0.08098506572094639
0.008058058058058058,-0.08196020952827265,-0.08189683088406741
0.008108108108108109,-0.08285090223531026,-0.08278839445788953
0.008158158158158159,-0.08372111182443519,-0.08365953501158764
0.008208208208208209,-0.08457062315440357,-0.08451003611994155
0.008258258258258259,-0.08539922620115424,-0.08533968641855948
0.008308308308308308,-0.08620671610973261,-0.08614827965787641
0.008358358358358358,-0.08699289324493668,-0.08693561475590346
0.008408408408408409,-0.08775756324067234,-0.08770149584969957
0.008458458458458459,-0.08850053704800637,-0.08844573234558384
0.008508508508508509,-0.08922163098190462,-0.08916813896803796
0.00855855855855856,-0.08992066676664426,-0.08986853580731395
0.008608608608608608,-0.09059747157988848,-0.09054674836572925
0.008658658658658658,-0.09125187809541338,-0.09120260760257369
0.008708708708708709,-0.0918837245244755,-0.09183594997777181
0.008758758758758759,-0.09249285465581085,-0.09244661749407304
0.008808808808808809,-0.09307911789425481,-0.09303445773797672
0.00885885885885886,-0.0936423692979735,-0.09359932391915954
0.00890890890890891,-0.09418246961429774,-0.09414107490863838
0.008958958958958959,-0.09469928531415024,-0.09465957527540712
0.009009009009009009,-0.09519268862505798,-0.095154695321746
0.009059059059059059,-0.09566255756274121,-0.09562631111705235
0.00910910910910911,-0.09610877596127158,-0.09607430453026174
0.00915915915915916,-0.09653123350179185,-0.09649856326081564
0.00920920920920921,-0.09692982573978988,-0.09689898086815667
0.00925925925925926,-0.09730445413092045,-0.09727545679981715
0.009309309309309309,-0.09765502605536841,-0.09762789641794818
0.009359359359359359,-0.09798145484074715,-0.09795621102445826
0.00940940940940941,-0.09828365978352642,-0.09826031788459855
0.00945945945945946,-0.09856156616898511,-0.09854014024909438
0.00950950950950951,-0.09881510528968251,-0.09879560737475566
0.009559559559559561,-0.09904421446244549,-0.09902665454358117
0.009609609609609611,-0.09924883704386542,-0.09923322308035964
0.009659659659659659,-0.09942892244430232,-0.09941526036875148
0.00970970970970971,-0.09958442614039234,-0.09957271986583452
0.00975975975975976,-0.09971530968605542,-0.09970556111513912
0.00980980980980981,-0.09982154072200049,-0.09981374975811808
0.009859859859859861,-0.09990309298372577,-0.09989725754412256
0.009909909909909911,-0.09995994630801257,-0.09995606233883
0.00995995995995996,-0.0999920866379103,-0.09999014813108836
0.01001001001001001,-0.09999950503826932,-0.09999950503825634
0.01006006006006006,-0.09998219671078731,-0.09998412930999814
0.01011011011011011,-0.09994016988726324,-0.09994402333049149
0.01016016016016016,-0.09987343495912186,-0.09987919561913255
0.01021021021021021,-0.09978200842632268,-0.09978966082963844
0.01026026026026026,-0.09966591289328033,-0.09967543974765551
0.01031031031031031,-0.09952517706327595,-0.09953655928676305
0.01036036036036036,-0.09935983573136059,-0.099373052482949
0.01041041041041041,-0.09916992977575266,-0.09918495848755561
0.01046046046046046,-0.0989555061477314,-0.09897232255861904
0.01051051051051051,-0.09871661786002901,-0.09873519605072703
0.01056056056056056,-0.09845332397372417,-0.09847363640327622
0.01061061061061061,-0.09816568958364018,-0.09818770712721496
0.01066066066066066,-0.09785378580225157,-0.0978774777902546
0.01071071071071071,-0.09751768974210273,-0.09754302400050709
0.01076076076076076,-0.09715748449674351,-0.09718442738862221
0.01081081081081081,-0.09677325912018575,-0.09680177558838016
0.01086086086086086,-0.09636510860488662,-0.09639516221577206
0.01091091091091091,-0.09593313385826346,-0.09596468684652472
0.01096096096096096,-0.09547744167774659,-0.09551045499219026
0.01101101101101101,-0.09499814472437565,-0.09503257807461006
0.01106106106106106,-0.09449536149494665,-0.09453117339898505
0.01111111111111111,-0.0939692162927159,-0.09400636412540163
0.01116116116116116,-0.09341983919666873,-0.093458279238854
0.01121121121121121,-0.09284736602936006,-0.09288705351782671
0.01126126126126126,-0.09225193832333523,-0.09229282750135767
0.01131131131131131,-0.0916337032861389,-0.09167574745469563
0.01136136136136136,-0.09099281376392118,-0.09103596533342156
0.01141141141141141,-0.09032942820364966,-0.09037363874620258
0.01146146146146146,-0.08964371061393678,-0.08968893091604711
0.01151151151151151,-0.08893583052449204,-0.08898201064016363
0.01156156156156156,-0.0882059629442096,-0.08825305224840045
0.01161161161161161,-0.08745428831790093,-0.08750223556024413
0.01166166166166166,-0.08668099248168382,-0.08672974584048559
0.01171171171171171,-0.08588626661703823,-0.08593577375342028
0.01176176176176176,-0.08507030720354103,-0.08512051531574864
0.01181181181181181,-0.08423331597029046,-0.08428417184805588
0.01186186186186186,-0.08337549984603318,-0.08342694992498788
0.01191191191191191,-0.08249707090800532,-0.08254906132405956
0.01196196196196196,-0.08159824632950131,-0.08165072297315339
0.01201201201201201,-0.08067924832618244,-0.08073215689669773
0.01206206206206206,-0.07974030410113872,-0.07979359016056532
0.01211211211211211,-0.07878164578871802,-0.07883525481567914
0.01216216216216216,-0.07780351039713596,-0.07785738784034314
0.01221221221221221,-0.07680613974988065,-0.07686023108133387
0.01226226226226226,-0.07578978042592735,-0.07584403119374532
0.01231231231231231,-0.07475468369877714,-0.07480903957962189
0.01236236236236236,-0.07370110547433496,-0.07375551232536509
0.01241241241241241,-0.07262930622764267,-0.07268371013797843
0.01246246246246246,-0.07153955093848231,-0.07159389828010919
0.01251251251251251,-0.07043210902586559,-0.07048634650395481
0.01256256256256256,-0.06930725428142606,-0.06936132898401547
0.01261261261261261,-0.06816526480173027,-0.06821912424874034
0.01266266266266266,-0.06700642291952437,-0.06706001511104813
0.01271271271271271,-0.06583101513393365,-0.06588428859776779
0.01276276276276276,-0.06463933203963196,-0.0646922358780317
0.01281281281281281,-0.0634316682549988,-0.06348415219057753
0.01286286286286286,-0.06220832234928113,-0.06226033677005889
0.01291291291291291,-0.06096959676877917,-0.06102109277232726
0.01296296296296296,-0.05971579776207286,-0.05976672719869395
0.01301301301301301,-0.05844723530430904,-0.05849755081928383
0.01306306306306306,-0.05716422302056656,-0.05721387809537052
0.01311311311311311,-0.05586707810832001,-0.05591602710080622
0.01316316316316316,-0.0545561212590194,-0.0546043194425413
0.01321321321321321,-0.05323167657880633,-0.05327908018023996
0.01326326326326326,-0.05189407150838602,-0.05194063774504409
0.01331331331331331,-0.050543636742075,-0.05058932385745066
0.01336336336336336,-0.04918070614604413,-0.04922547344439545
0.01341341341341341,-0.04780561667577771,-0.04784942455550262
0.01346346346346346,-0.04641870829276905,-0.04646151827857231
0.01351351351351351,-0.0450203238804721,-0.04506209865428514
0.01356356356356356,-0.04361080915953149,-0.04365151259015676
0.01361361361361361,-0.0421905126023108,-0.04223010977379914
0.01366366366366366,-0.04075978534674052,-0.04079824258545395
0.01371371371371371,-0.039318981109507,-0.03935626600988369
0.01376376376376376,-0.03786845609860408,-0.03790453754757131
0.01381381381381381,-0.03640856892526854,-0.03644341712532133
0.01386386386386386,-0.03493968051532154,-0.03497326700623343
0.01391391391391392,-0.03346215401993759,-0.03349445169910713
0.01396396396396397,-0.03197635472586399,-0.0320073378672842
0.01401401401401401,-0.03048264996511164,-0.03051229423693792
0.01406406406406406,-0.02898140902414024,-0.02900969150486733
0.01411411411411411,-0.02747300305256083,-0.02749990224579771
0.01416416416416416,-0.02595780497137724,-0.02598330081920785
0.01421421421421422,-0.02443618938078962,-0.02446026327572986
0.01426426426426427,-0.02290853246758324,-0.02293116726310554
0.01431431431431432,-0.02137521191212459,-0.02139639193178605
0.01436436436436436,-0.01983660679498836,-0.01985631784012856
0.01441441441441441,-0.01829309750323812,-0.01831132685926708
0.01446446446446446,-0.01674506563638466,-0.01676180207765402
0.01451451451451452,-0.01519289391204357,-0.01520812770531207
0.01456456456456457,-0.01363696607131725,-0.0136506889778016
0.01461461461461462,-0.01207766678392339,-0.01208987205996894
0.01466466466466467,-0.01051538155309408,-0.01052606394943877
0.01471471471471471,-0.008950496620268776,-0.008959652379920307
0.01476476476476477,-0.007383398869604612,-0.007391025724367617
0.01481481481481482,-0.005814475732328457,-0.005820572897936754
0.01486486486486487,-0.004244115090952907,-0.004248683260878255
0.01491491491491492,-0.002672705183381022,-0.002675746521288123
0.01496496496496497,-0.00110063450692341,-0.001102152637806478
0.01501501501501501,0.0004717082777490741,0.0004717082777423304
0.01506506506506507,0.002043934442693103,0.002045446057731648
0.01511511511511512,0.003615655288796735,0.003618670576098055
0.01516516516516517,0.005186482241876833,0.005190991845719303
0.01521521521521522,0.006756026948745202,0.006762020115694014
0.01526526526526527,0.00832390137322017,0.008331365968598438
0.01531531531531532,0.009889717892059925,0.009898640417584181
0.01536536536536537,0.01145308939079339,0.01146345500342653
0.01541541541541542,0.01301362935942585,0.01302542189133726
0.01546546546546547,0.01457095198799469,0.01458415396767482
0.01551551551551552,0.01612467226195228,0.01613926493642874
0.01556556556556557,0.01767440605735223,0.01769036941548444
0.01561561561561562,0.01921977023581529,0.01923708303262626
0.01566566566566567,0.02076038273925168,0.02077902252130445
0.01571571571571572,0.02229586268431667,0.02231580581607533
0.01576576576576577,0.02382583045657495,0.0238470521477426
0.01581581581581582,0.02534990780435211,0.02537238213813358
0.01586586586586586,0.02686771793224892,0.02689141789454585
0.01591591591591592,0.02837888559429516,0.02840378310375188
0.01596596596596597,0.02988303718672132,0.02990910312564864
0.01601601601601602,0.03137980084032312,0.03140700508641067
0.01606606606606607,0.03286880651239811,0.03289711797122923
0.01611611611611612,0.03434968607823092,0.03437907271653645
0.01616616616616617,0.03582207342210249,0.03585250230174506
0.01621621621621622,0.0372856045278059,0.03731704184043821
0.01626626626626627,0.03873991756863908,0.03877232867100805
0.01631631631631632,0.04018465299686039,0.04021800244674243
0.01636636636636637,0.04161945363257719,0.04165370522528377
0.01641641641641642,0.0430439647520512,0.04307908155747766
0.01646646646646647,0.04445783417539625,0.04449377857557997
0.01651651651651652,0.04586071235364623,0.04589744608081276
0.01656656656656657,0.04725225245517375,0.04728973663020192
0.01661661661661662,0.04863211045143662,0.04867030562273455
0.01666666666666667,0.04999994520203033,0.05003881138477751
0.01671671671671672,0.05135541853902874,0.05139491525474117
0.01676676676676677,0.05269819535058692,0.05273828166698456
0.01681681681681682,0.05402794366379189,0.05406857823490495
0.01686686686686687,0.05534433472673388,0.05538547583324046
0.01691691691691692,0.05664704308978387,0.05668864867952578
0.01696696696696697,0.05793574668605357,0.05797777441469258
0.01701701701701702,0.05921012691101891,0.05925253418280667
0.01706706706706707,0.06046986870128852,0.06051261270989986
0.01711711711711712,0.06171466061249547,0.06175769838190451
0.01716716716716717,0.06294419489629559,0.06298748332164333
0.01721721721721722,0.06415816757645101,0.06420166346487413
0.01726726726726727,0.06535627852398145,0.0653999386353703
0.01731731731731732,0.06653823153136512,0.06658201261900529
0.01736736736736737,0.06770373438576821,0.06774759323684471
0.01741741741741742,0.06885249894128957,0.06889639241719654
0.01746746746746747,0.06998424119019708,0.07002812626664133
0.01751751751751752,0.07109868133314289,0.07114251513999041
0.01756756756756757,0.07219554384833786,0.07223928370917013
0.01761761761761762,0.07327455755966727,0.07331816103102597
0.01766766766766767,0.07433545570373457,0.0743788806140013
0.01771771771771772,0.07537797599581124,0.07542118048371389
0.01776776776776777,0.07640186069468195,0.07644480324737218
0.01781781781781782,0.07740685666636504,0.07744949615703647
0.01786786786786787,0.07839271544669413,0.07843501117173472
0.01791791791791792,0.07935919330274589,0.07940110501835346
0.01796796796796797,0.08030605129309727,0.080347539251372
0.01801801801801802,0.08123305532689871,0.08127408031133966
0.01806806806806807,0.08213997622174803,0.08218049958215312
0.01811811811811812,0.08302658976035028,0.08306657344708573
0.01816816816816817,0.08389267674595158,0.08393208334355017
0.01821821821821822,0.08473802305652947,0.08477681581660478
0.01826826826826827,0.08556241969773118,0.08560056257117525
0.01831831831831832,0.08636566285454192,0.08640312052297754
0.01836836836836837,0.08714755394167432,0.08718429184813813
0.01841841841841842,0.08790789965266424,0.08794388403150265
0.01846846846846847,0.08864651200766135,0.0886817099136054
0.01851851851851852,0.08936320839990355,0.08939758773630736
0.01856856856856857,0.09005781164086207,0.09009134118707222
0.01861861861861862,0.09073015000404801,0.09076279944190355
0.01866866866866867,0.0913800572674678,0.09141179720688046
0.01871871871871872,0.09200737275471782,0.09203817475833929
0.01876876876876877,0.09261194137470884,0.09264177798165728
0.01881881881881882,0.09319361366000824,0.09322245840862178
0.01886886886886887,0.09375224580379347,0.09378007325342391
0.01891891891891892,0.09428769969540464,0.09431448544719608
0.01896896896896897,0.09479984295448965,0.09482556367117397
0.01901901901901902,0.09528854896373284,0.09531318238837889
0.01906906906906907,0.09575369690015788,0.09577722187389252
0.01911911911911912,0.09619517176499935,0.09621756824368589
0.01916916916916917,0.09661286441213343,0.09663411348197237
0.01921921921921922,0.09700667157506213,0.0970267554671425
0.01926926926926927,0.09737649589244413,0.09739539799618889
0.01931931931931932,0.097722245932165,0.09773995080771072
0.01936936936936937,0.09804383621394232,0.09806032960339929
0.01941941941941942,0.09834118723045882,0.0983564560680783
0.01946946946946947,0.09861422546701906,0.09862825788825785
0.01951951951951952,0.09886288341972473,0.09887566876916781
0.01956956956956957,0.09908709961216335,0.09909862845035869
0.01961961961961962,0.09928681861060766,0.09929708271975145
0.01966966966966967,0.09946199103772019,0.09947098342624
0.01971971971971972,0.09961257358476135,0.09962028849075806
0.01976976976976977,0.09973852902229653,0.09974496191587494
0.01981981981981982,0.09983982620940066,0.09984497379386026
0.01986986986986987,0.0999164401013574,0.09992030031327177
0.01991991991991992,0.09996835175585107,0.09997092376402647
0.01996996996996997,0.09999554833765019,0.09999683254096962
0.02002002002002002,0.09999802114592457,0.09999802114592546
0.02007007007007007,0.09997576858122834,0.09997449018827442
0.02012012012012012,0.09992879910994716,0.09992624638398971
0.02017017017017017,0.09985712434546659,0.09985330255319451
0.02022022022022022,0.09976076200901181,0.09975567761621257
0.02027027027027027,0.09963973592526622,0.09963339658810701
0.02032032032032032,0.09949407601648078,0.0994864905717394
0.02037037037037037,0.09932381829507643,0.09931499674930543
0.02042042042042042,0.09912900485474033,0.09911895837241137
0.02047047047047047,0.09890968386001896,0.09889842475063293
0.02052052052052052,0.09866590953441023,0.09865345123858911
0.02057057057057057,0.09839774214695772,0.0983840992215589
0.02062062062062062,0.09810524799734999,0.0980904360995816
0.02067067067067067,0.09778849939952972,0.09777253527010467
0.02072072072072072,0.09744757466381482,0.09743047610916278
0.02077077077077077,0.09708255807753834,0.09706434395108557
0.02082082082082082,0.09669353988420958,0.09667423006673646
0.02087087087087087,0.09628061626120328,0.09626023164032425
0.02092092092092092,0.0958438892959821,0.09582245174474491
0.02097097097097097,0.09538346696085673,0.09536099931549105
0.02102102102102102,0.09489946308629284,0.0948759891231281
0.02107107107107107,0.094391997332768,0.09436754174434409
0.02112112112112112,0.09386119516118879,0.09383578353158249
0.02117117117117117,0.09330718780187276,0.09328084658125493
0.02122122122122122,0.09273011222210446,0.09270286870056992
0.02127127127127127,0.09213011109227348,0.0921019933729435
0.02132132132132132,0.09150733275060174,0.09147836972205144
0.02137137137137137,0.09086193116647041,0.09083215247448669
0.02142142142142142,0.09019406590235399,0.09016350192105074
0.02147147147147147,0.08950390207437184,0.08947258387670808
0.02152152152152152,0.08879161031146714,0.08875956963917189
0.02157157157157157,0.08805736671322179,0.08802463594616483
0.02162162162162162,0.08730135280632045,0.08726796493135748
0.02167167167167167,0.08652375549967112,0.08648974407899031
0.02172172172172172,0.08572476703819666,0.0856901661771942
0.02177177177177177,0.08490458495530585,0.08486942927001682
0.02182182182182182,0.08406341202405772,0.08402773660818529
0.02187187187187187,0.08320145620703054,0.08316529659857569
0.02192192192192192,0.08231893060490712,0.08228232275246776
0.02197197197197197,0.08141605340379054,0.08137903363251781
0.02202202202202202,0.08049304782126268,0.08045565279854466
0.02207207207207207,0.07955014205119779,0.07951240875207287
0.02212212212212212,0.07858756920734757,0.07854953487968502
0.02217217217217217,0.07760556726570769,0.07756726939520299
0.02222222222222222,0.07660437900568479,0.07656585528067524
0.02227227227227227,0.07558425195007323,0.07554554022622072
0.02232232232232232,0.07454543830386152,0.07450657656873319
0.02237237237237237,0.07348819489187992,0.07344922122945992
0.02242242242242242,0.0724127830953057,0.07237373565045531
0.02247247247247247,0.07131946878704321,0.07128038572995081
0.02252252252252252,0.07020852226599185,0.07016944175665854
0.02257257257257258,0.06908021819022127,0.06904117834298197
0.02262262262262262,0.06793483550906808,0.06789587435719902
0.02267267267267267,0.06677265739417107,0.06673381285462796
0.02272272272272272,0.06559397116946485,0.06555528100774127
0.02277277277277277,0.06439906824014356,0.06436057003532751
0.02282282282282282,0.06318824402061893,0.0631499751306447
0.02287287287287287,0.06196179786148485,0.0619237953886274
0.02292292292292292,0.06072003297550922,0.06068233373214315
0.02297297297297297,0.05946325636267261,0.05942589683733229
0.02302302302302302,0.05819177873426772,0.05815479505802991
0.02307307307307307,0.05690591443608457,0.05686934234931056
0.02312312312312313,0.05560598137069399,0.05556985619016148
0.02317317317317318,0.05429230091885432,0.05425665750529282
0.02322322322322323,0.052965197860057,0.0529300705861392
0.02327327327327327,0.0516250002922316,0.05159042301102085
0.02332332332332332,0.0502720395506314,0.0502380455645377
0.02337337337337337,0.04890665012591804,0.04887327215617342
0.02342342342342342,0.04752916958146602,0.04749643973815473
0.02347347347347347,0.0461399384699082,0.04610788822256846
0.02352352352352352,0.04473930024894064,0.04470796039777453
0.02357357357357357,0.04332760119641209,0.04329700184411837
0.02362362362362362,0.04190519032471256,0.04187536084897588
0.02367367367367368,0.04047241929448964,0.0404433883211461
0.02372372372372373,0.03902964232770705,0.03900143770459709
0.02377377377377378,0.03757721612007154,0.03754986489163183
0.02382382382382383,0.03611549975284826,0.03608902813543163
0.02387387387387388,0.03464485460408522,0.03461928796205831
0.02392392392392393,0.03316564425927146,0.03314100708188287
0.02397397397397397,0.03167823442144823,0.03165455030052025
0.02402402402402402,0.03018299282079661,0.03016028442922646
0.02407407407407407,0.02868028912372611,0.0286585781948339
0.02412412412412412,0.0271704948414808,0.02714980214922391
0.02417417417417417,0.02565398323829355,0.02563432857835533
0.02422422422422423,0.02413112923910311,0.02411253141087066
0.02427427427427428,0.02260230933686343,0.02258478612632915
0.02432432432432433,0.0210679014994641,0.02105146966303039
0.02437437437437438,0.01952828507628529,0.01951296032553389
0.02442442442442443,0.01798384070441398,0.01796963769180513
0.02447447447447448,0.01643495021453787,0.01642188252007971
0.02452452452452453,0.01488199653654819,0.01487007665544736
0.02457457457457458,0.01332536360486777,0.01331460293616244
0.02462462462462462,0.01176543626353197,0.0117558450997206
0.02467467467467467,0.01020260017104527,0.01019418768871145
0.02472472472472472,0.008637241705034965,0.008630015956506358
0.02477477477477477,0.007069747866729157,0.007063715772729456
0.02482482482482483,0.005500506185278134,0.005495673528631789
0.02487487487487488,0.003929904621947309,0.003926276042293535
0.02492492492492493,0.002358331474202636,0.002355910463760518
0.02497497497497498,0.0007861752797116409,0.0007849641800810256
0.02502502502502503,-0.0007861752797119109,-0.0007861752797097228
0.02507507507507508,-0.002358331474202807,-0.002357120339639563
0.02512512512512513,-0.003929904621947622,-0.003927483471848633
0.02517517517517518,-0.005500506185278306,-0.005496877291650109
0.02522522522522523,-0.007069747866729376,-0.007064914652529316
0.02527527527527528,-0.00863724170503519,-0.008631208741110315
0.02532532532532533,-0.01020260017104544,-0.0101953731720182
0.02537537537537538,-0.01176543626353228,-0.01175702208266236
0.02542542542542543,-0.01332536360486784,-0.01331577022787088
0.02547547547547548,-0.0148819965365485,-0.0148712330743885
0.02552552552552553,-0.01643495021453804,-0.01642302689520743
0.02557557557557558,-0.0179838407044142,-0.01797076886368214
0.02562562562562563,-0.01952828507628561,-0.01951407714746304
0.02567567567567568,-0.02106790149946425,-0.02105257100215011
0.02572572572572573,-0.02260230933686383,-0.02258587086471328
0.02577577577577578,-0.0241311292391033,-0.0241135984466173
0.02582582582582583,-0.02565398323829384,-0.02563537682664297
0.02587587587587588,-0.02717049484148112,-0.02715083054337192
0.02592592592592593,-0.02868028912372627,-0.02865958568733146
0.02597597597597598,-0.03018299282079692,-0.03016126999275562
0.02602602602602603,-0.03167823442144833,-0.03165551292894483
0.02607607607607608,-0.03316564425927172,-0.03314194579123453
0.02612612612612613,-0.03464485460408542,-0.03462020179149209
0.02617617617617618,-0.03611549975284848,-0.03608991614817119
0.02622622622622623,-0.03757721612007175,-0.03755072617587253
0.02627627627627628,-0.03902964232770717,-0.03900227137440222
0.02632632632632633,-0.04047241929448984,-0.04044419351731682
0.02637637637637638,-0.04190519032471275,-0.04187613673989657
0.02642642642642643,-0.04332760119641222,-0.04329774762656555
0.02647647647647648,-0.04473930024894086,-0.04470867529771885
0.02652652652652653,-0.04613993846990826,-0.04610857149593978
0.02657657657657658,-0.04752916958146631,-0.04749709067156536
0.02662662662662663,-0.04890665012591812,-0.04887389006764249
0.02667667667667668,-0.05027203955063161,-0.05023862980415964
0.02672672672672673,-0.05162500029223182,-0.05159097296162521
0.02677677677677678,-0.05296519786005712,-0.05293058566390176
0.02682682682682683,-0.0542923009188546,-0.05425713716033036
0.02687687687687688,-0.05560598137069408,-0.05557029990707924
0.02692692692692693,-0.05690591443608477,-0.05686974964774204
0.02697697697697698,-0.0581917787342679,-0.05815516549311896
0.02702702702702703,-0.05946325636267281,-0.05942623000019576
0.02707707707707708,-0.06072003297550953,-0.06068262925029756
0.02712712712712713,-0.06196179786148498,-0.06192405292637494
0.02717717717717718,-0.06318824402061925,-0.06315019438944407
0.02722722722722723,-0.06439906824014371,-0.06436075075410981
0.02727727727727728,-0.06559397116946501,-0.0655554229631911
0.02732732732732733,-0.06677265739417124,-0.0667339158614528
0.02737737737737738,-0.06793483550906819,-0.06789593826833723
0.02742742742742743,-0.06908021819022141,-0.06904120304978005
0.02747747747747748,-0.070208522265992,-0.07016942718903064
0.02752752752752753,-0.07131946878704332,-0.07128033185647724
0.02757757757757758,-0.07241278309530587,-0.07237364247845875
0.02762762762762763,-0.07348819489188001,-0.07344908880504715
0.02767767767767768,-0.07454543830386169,-0.0745064049767898
0.02772772772772773,-0.07558425195007325,-0.07554532959037721
0.02777777777777778,-0.07660437900568488,-0.07656560576323962
0.02782782782782783,-0.07760556726570779,-0.07756698119705031
0.02787787787787788,-0.07858756920734765,-0.07854920824010159
0.02792792792792793,-0.07955014205119797,-0.07951204394858835
0.02797797797797798,-0.08049304782126271,-0.08045525014671012
0.02802802802802803,-0.08141605340379071,-0.08137859348565048
0.02807807807807808,-0.08231893060490718,-0.08228184550136165
0.02812812812812813,-0.08320145620703066,-0.08316478267117826
0.02817817817817818,-0.08406341202405788,-0.08402718646923391
0.02822822822822823,-0.08490458495530594,-0.0848688434206458
0.02827827827827828,-0.08572476703819681,-0.08568954515449896
0.02832832832832833,-0.08652375549967123,-0.08648908845557407
0.02837837837837838,-0.08730135280632058,-0.08726727531481779
0.02842842842842843,-0.08805736671322197,-0.088023912978574
0.02847847847847848,-0.08879161031146725,-0.08875881399649652
0.02852852852852853,-0.08950390207437202,-0.08947179626822385
0.02857857857857858,-0.09019406590235406,-0.0901626830887059
0.02862862862862863,-0.09086193116647054,-0.09083130319223399
0.02867867867867868,-0.09150733275060181,-0.09147749079516659
0.02872872872872873,-0.09213011109227362,-0.09210108563728744
0.02877877877877878,-0.09273011222210455,-0.09270193302184111
0.02882882882882883,-0.09330718780187283,-0.09327988385421049
0.02887887887887888,-0.09386119516118889,-0.09383479467921485
0.02892892892892893,-0.0943919973327681,-0.09436652771704647
0.02897897897897898,-0.09489946308629287,-0.09487495089782488
0.02902902902902903,-0.09538346696085681,-0.09535993789474641
0.02907907907907908,-0.09584388929598212,-0.09582136815584191
0.02912912912912913,-0.09628061626120339,-0.09625912693432087
0.02917917917917918,-0.09669353988420958,-0.09667310531749157
0.02922922922922923,-0.09708255807753841,-0.09706320025427412
0.02927927927927928,-0.09744757466381489,-0.0974293145812585
0.02932932932932933,-0.09778849939952976,-0.09777135704733614
0.02937937937937938,-0.09810524799735004,-0.09808924233689444
0.02942942942942943,-0.09839774214695773,-0.09838289109152067
0.02947947947947948,-0.0986659095344103,-0.0986522299303052
0.02952952952952953,-0.09890968386001898,-0.09889719146862873
0.02957957957957958,-0.09912900485474035,-0.0991177143355081
0.02962962962962963,-0.09932381829507644,-0.09931374318946894
0.02967967967967968,-0.09949407601648079,-0.09948522873292383
0.02972972972972973,-0.09963973592526623,-0.0996321277250857
0.02977977977977978,-0.09976076200901184,-0.09975440299337988
0.02982982982982983,-0.09985712434546659,-0.09985202344338077
0.02987987987987988,-0.09992879910994716,-0.09992496406724713
0.02992992992992993,-0.09997576858122835,-0.09997320595065669
0.02997997997997998,-0.09999802114592457,-0.09999673627827155
0.03003003003003003,-0.0999955483376502,-0.0999955483376561
0.03008008008008008,-0.09996835175585107,-0.0999696415217447
0.03013013013013013,-0.09991644010135738,-0.09991902132976871
0.03018018018018018,-0.0998398262094006,-0.09984369936670041
0.03023023023023023,-0.09973852902229649,-0.09974369334118477
0.03028028028028028,-0.09961257358476133,-0.09961902706197782
0.03033033033033033,-0.09946199103772017,-0.09946973043286264
0.03038038038038038,-0.09928681861060763,-0.09929583944608394
0.03043043043043043,-0.09908709961216332,-0.09909739617425813
0.03048048048048048,-0.09886288341972468,-0.09887444876080365
0.03053053053053053,-0.09861422546701906,-0.09862705140886323
0.03058058058058058,-0.09834118723045875,-0.09835526436871819
0.03063063063063063,-0.09804383621394229,-0.09805915392372673
0.03068068068068068,-0.09772224593216494,-0.09773879237476391
0.03073073073073073,-0.09737649589244404,-0.09739425802315677
0.03078078078078078,-0.0970066715750621,-0.0970256351521693
0.03083083083083083,-0.09661286441213333,-0.09663301400696561
0.03088088088088088,-0.09619517176499932,-0.09621649077312473
0.03093093093093093,-0.09575369690015781,-0.09577616755367455
0.03098098098098098,-0.09528854896373272,-0.09531215234464782
0.03103103103103103,-0.09479984295448958,-0.09482455900919577
0.03108108108108108,-0.0942876996954045,-0.09431350725023208
0.03113113113113113,-0.09375224580379343,-0.09377912258161689
0.03118118118118118,-0.09319361366000815,-0.09322153629793382
0.03123123123123123,-0.0926119413747087,-0.09264088544277194
0.03128128128128128,-0.09200737275471781,-0.09203731277564865
0.03133133133133133,-0.09138005726746762,-0.09141096673743412
0.03138138138138138,-0.09073015000404808,-0.09076200141442492
0.03143143143143143,-0.09005781164086199,-0.0900905765009785
0.03148148148148149,-0.08936320839990339,-0.08939685726074857
0.03153153153153153,-0.08864651200766133,-0.08868101448654918
0.03158158158158159,-0.08790789965266405,-0.08794322445882626
0.03163163163163163,-0.08714755394167442,-0.08718366890276326
0.03168168168168169,-0.08636566285454177,-0.08640253494401758
0.03173173173173173,-0.08556241969773111,-0.08560001506312603
0.03178178178178179,-0.0847380230565294,-0.08477630704855943
0.03183183183183183,-0.08389267674595142,-0.08393161394843993
0.03188188188188189,-0.08302658976035028,-0.08306614402096549
0.03193193193193193,-0.08213997622174801,-0.08218011068350842
0.03198198198198199,-0.0812330553268986,-0.08127373246042841
0.03203203203203203,-0.08030605129309729,-0.08034723292960085
0.03208208208208209,-0.07935919330274559,-0.0794008406676948
0.03213213213213213,-0.07839271544669413,-0.0784347891941673
0.03218218218218218,-0.07740685666636493,-0.07744931691403038
0.03223223223223223,-0.07640186069468184,-0.0764446670594142
0.03228228228228228,-0.07537797599581113,-0.07542108762985181
0.03233233233233233,-0.0743354557037343,-0.07437883133144593
0.03238238238238238,-0.07327455755966729,-0.0733181555147812
0.03243243243243243,-0.07219554384833764,-0.072239322111708
0.03248248248248248,-0.07109868133314275,-0.0711425975709474
0.03253253253253253,-0.06998424119019692,-0.07002825279257612
0.03258258258258259,-0.06885249894128941,-0.06889656306137511
0.03263263263263264,-0.06770373438576816,-0.06774780797907072
0.03268268268268269,-0.0665382315313649,-0.0665822713954894
0.03273273273273274,-0.06535627852398143,-0.06540024133863151
0.03278278278278279,-0.06415816757645078,-0.06420200994370047
0.03283283283283284,-0.06294419489629559,-0.06298787338107147
0.03288288288288288,-0.06171466061249544,-0.06175813178325851
0.03293293293293294,-0.06046986870128822,-0.06051308917086669
0.03298298298298298,-0.05921012691101901,-0.05925305337753893
0.03303303303303304,-0.05793574668605324,-0.05797833597397894
0.03308308308308308,-0.05664704308978402,-0.05668925219097859
0.03313313313313314,-0.05534433472673365,-0.05538612084153691
0.03318318318318318,-0.05402794366379186,-0.05406926424206886
0.03323323323323324,-0.05269819535058684,-0.0527390081327021
0.03328328328328328,-0.05135541853902854,-0.05139568159673204
0.03333333333333334,-0.04999994520203031,-0.05003961697919009
0.03338338338338338,-0.04863211045143661,-0.04867114980459577
0.03343343343343344,-0.04725225245517351,-0.04729061869389693
0.03348348348348348,-0.04586071235364617,-0.04589836528061252
0.03353353353353353,-0.04445783417539597,-0.04449473412620487
0.03358358358358358,-0.04304396475205118,-0.04308007263470059
0.03363363363363363,-0.04161945363257705,-0.04165473096657692
0.03368368368368369,-0.04018465299686019,-0.0402190619519571
0.03373373373373374,-0.03873991756863909,-0.03877342100309186
0.03378378378378379,-0.03728560452780552,-0.03731816602619178
0.03383383383383384,-0.03582207342210256,-0.03585365733263182
0.03388388388388389,-0.03434968607823068,-0.03438025754949342
0.03393393393393394,-0.03286880651239796,-0.03289833152954592
0.03398398398398399,-0.03137980084032292,-0.03140824626063479
0.03403403403403404,-0.0298830371867211,-0.02991037077451653
0.03408408408408409,-0.02837888559429518,-0.02840507605516622
0.03413413413413414,-0.02686771793224865,-0.02689273494656817
0.03418418418418419,-0.02534990780435198,-0.02537372206004949
0.03423423423423423,-0.02382583045657481,-0.02384841368109758
0.03428428428428429,-0.02229586268431629,-0.0223171876757999
0.03433433433433433,-0.0207603827392517,-0.02078042339683035
0.03438438438438439,-0.01921977023581492,-0.01923850158904694
0.03443443443443443,-0.01767440605735235,-0.01769180429475254
0.03448448448448449,-0.01612467226195192,-0.01614071475856207
0.03453453453453453,-0.0145709519879948,-0.01458561733199183
0.03458458458458459,-0.01301362935942557,-0.01302689737773442
0.03463463463463463,-0.01145308939079328,-0.0114649411736662
0.03468468468468468,-0.009889717892059972,-0.009900135816603615
0.03473473473473473,-0.008323901373220055,-0.008332869125835867
0.03478478478478478,-0.006756026948745253,-0.006763529546473198
0.03483483483483484,-0.005186482241876806,-0.005192506052596529
0.03488488488488489,-0.003615655288796568,-0.003620188050268894
0.03493493493493494,-0.002043934442693115,-0.002046965280441071
0.03498498498498499,-0.0004717082777489027,-0.000473227721716561
0.03503503503503504,0.00110063450692348,0.001100634506930067
0.03508508508508509,0.002672705183381194,0.002674231243487093
0.03513513513513514,0.004244115090953225,0.004247172380285453
0.03518518518518519,0.005814475732328493,0.005819067961358953
0.03523523523523524,0.007383398869604874,0.007389528279796214
0.03528528528528529,0.00895049662026874,0.008958163975030969
0.03533533533533534,0.01051538155309428,0.01052458613008527
0.03538538538538539,0.01207766678392368,0.0120884063686741
0.03543543543543544,0.01363696607131734,0.01364923695223714
0.03548548548548549,0.01519289391204384,0.01520669087677775
0.03553553553553554,0.01674506563638476,0.01676038196956558
0.03558558558558559,0.01829309750323843,0.01830992498562481
0.03563563563563564,0.01983660679498846,0.01985493570399546
0.03568568568568568,0.02137521191212466,0.02139503102377904
0.03573573573573574,0.02290853246758364,0.02292982905987154
0.03578578578578578,0.02443618938078952,0.02445894923844327
0.03583583583583584,0.02595780497137757,0.02598201239206552
0.03588588588588588,0.02747300305256071,0.02749864085451619
0.03593593593593594,0.0289814090241406,0.02900845855520873
0.03598598598598599,0.03048264996511156,0.03051109111322449
0.03603603603603604,0.03197635472586408,0.03200616593095085
0.03608608608608609,0.03346215401993773,0.03349331228723624
0.03613613613613614,0.03493968051532143,0.03497216143012444
0.03618618618618619,0.03640856892526865,0.03644234666908509
0.03623623623623624,0.03786845609860408,0.03790350346672009
0.03628628628628629,0.03931898110950707,0.03935526952995106
0.03633633633633634,0.04075978534674074,0.04079728490063542
0.03638638638638639,0.04219051260231085,0.0422291920456184
0.03643643643643644,0.04361080915953169,0.04365063594614697
0.03648648648648649,0.04502032388047219,0.04506126418670477
0.03653653653653654,0.04641870829276921,0.04646072704313446
0.03658658658658659,0.04780561667577804,0.04784867757013984
0.03663663663663664,0.04918070614604406,0.04922477168805831
0.03668668668668669,0.05054363674207519,0.05058866826892486
0.03673673673673674,0.05189407150838611,0.05194002922180074
0.03678678678678679,0.05323167657880652,0.05327851957732667
0.03683683683683684,0.05455612125901965,0.05460380757149701
0.03688688688688689,0.05586707810832005,0.05591556472862242
0.03693693693693694,0.05716422302056676,0.05721346594347534
0.03698698698698699,0.05844723530430917,0.05849718956257172
0.03703703703703703,0.05971579776207302,0.05976641746458328
0.03708708708708709,0.06096959676877951,0.06102083513988583
0.03713713713713714,0.06220832234928105,0.06226013176913572
0.03718718718718719,0.06343166825499905,0.0634840003009796
0.03723723723723724,0.06463933203963189,0.06469213752877562
0.03728728728728729,0.06583101513393388,0.06588424416633985
0.03733733733733734,0.06700642291952427,0.06706002492272882
0.03738738738738739,0.06816526480173041,0.06821918857596274
0.03743743743743744,0.06930725428142613,0.06936144804577807
0.03748748748748749,0.07043210902586558,0.07048652046527557
0.03753753753753754,0.07153955093848247,0.0715941272515364
0.03758758758758759,0.07262930622764263,0.07268399417514526
0.03763763763763764,0.073701105474335,0.07375585142858482
0.03768768768768769,0.07475468369877716,0.07480943369354895
0.03773773773773774,0.07578978042592743,0.07584448020707701
0.03778778778778779,0.07680613974988085,0.07686073482657284
0.03783783783783784,0.07780351039713596,0.0778579460936018
0.03788788788788789,0.07878164578871812,0.07883586729654068
0.03793793793793794,0.07974030410113878,0.07979425653200195
0.03798798798798799,0.08067924832618256,0.08073287676503564
0.03803803803803804,0.08159824632950156,0.08165149588810781
0.03808808808808809,0.08249707090800529,0.0825498867788045
0.03813813813813814,0.08337549984603328,0.08342782735628201
0.03818818818818819,0.08423331597029059,0.08428510063644221
0.03823823823823824,0.08507030720354117,0.08512149478579437
0.03828828828828829,0.08588626661703842,0.08593680317402219
0.03833833833833834,0.0866809924816838,0.08673082442521843
0.03838838838838839,0.08745428831790096,0.08750336246777535
0.03843843843843844,0.08820596294420965,0.08825422658295494
0.03848848848848849,0.08893583052449205,0.08898323145206032
0.03853853853853854,0.08964371061393697,0.0896901972022595
0.03858858858858859,0.09032942820364963,0.09037494945101321
0.03863863863863864,0.09099281376392127,0.09103731934910923
0.03868868868868869,0.09163370328613887,0.09167714362227621
0.03873873873873874,0.09225193832333531,0.09229426461140348
0.03878878878878879,0.09284736602936003,0.09288853031130026
0.03883883883883884,0.0934198391966687,0.09345979440805674
0.03888888888888889,0.09396921629271592,0.09400791631491751
0.03893893893893894,0.09449536149494665,0.09453276120670703
0.03898898898898899,0.09499814472437575,0.09503420005281915
0.03903903903903904,0.09547744167774655,0.09551210964869107
0.03908908908908909,0.09593313385826346,0.09596637264582454
0.03913913913913914,0.09636510860488665,0.0963968775803013
0.03918918918918919,0.09677325912018579,0.09680351889981639
0.03923923923923924,0.09715748449674359,0.09718619698918793
0.03928928928928929,0.09751768974210269,0.09754481819436824
0.03933933933933934,0.09785378580225158,0.09787929484497386
0.03938938938938939,0.09816568958364022,0.09818954527520692
0.03943943943943944,0.09845332397372419,0.09847549384336007
0.03948948948948949,0.09871661786002907,0.09873707094970557
0.03953953953953954,0.09895550614773138,0.09897421305288474
0.03958958958958959,0.09916992977575267,0.09918686268476558
0.03963963963963964,0.09935983573136062,0.09937496846375111
0.03968968968968969,0.09952517706327597,0.09953848510652195
0.03973973973973974,0.09966591289328035,0.09967737343827585
0.0397897897897898,0.09978200842632266,0.09979160040137526
0.03983983983983984,0.09987343495912186,0.09988113906247505
0.0398898898898899,0.09994016988726324,0.09994596861806934
0.03993993993993994,0.09998219671078733,0.09998607439851852
0.03998998998999,0.09999950503826933,0.100001447870496
0.04004004004004004,0.0999920866379103,0.09999208663789481
0.04009009009009009,0.09995994630801257,0.09995799444117666
0.04014014014014014,0.09990309298372575,0.09989918115516935
0.04019019019019019,0.09982154072200046,0.09981566278531348
0.04024024024024024,0.09971530968605542,0.09970746146236165
0.04029029029029029,0.09958442614039234,0.09957460543553805
0.04034034034034034,0.09942892244430232,0.09941712906412124
0.04039039039039039,0.09924883704386542,0.09923507280754168
0.04044044044044044,0.09904421446244543,0.09902848321388091
0.04049049049049049,0.09881510528968251,0.09879741290688458
0.04054054054054054,0.09856156616898509,0.09854192057140196
0.04059059059059059,0.09828365978352641,0.09826207093735699
0.04064064064064064,0.09798145484074711,0.09795793476212633
0.04069069069069069,0.09765502605536833,0.09762958881147485
0.04074074074074074,0.09730445413092047,0.09727711583892205
0.04079079079079079,0.09692982573978984,0.09690060456364898
0.04084084084084084,0.09653123350179181,0.09650014964688106
0.04089089089089089,0.09610877596127156,0.0960758516668011
0.04094094094094095,0.09566255756274113,0.09562781709196541
0.040990990990991,0.095192688625058,0.09515615825325253
0.04104104104104105,0.09469928531415017,0.09466099331434935
0.04109109109109109,0.09418246961429771,0.09414244624077926
0.04114114114114115,0.09364236929797347,0.09360064676747532
0.04119119119119119,0.09307911789425474,0.09303573036493562
0.04124124124124125,0.09249285465581085,0.0924478382039095
0.04129129129129129,0.09188372452447548,0.09183711711872336
0.04134134134134135,0.09125187809541331,0.09120371956913963
0.04139139139139139,0.09059747157988851,0.09054780360086176
0.04144144144144144,0.08992066676664416,0.08986953280465217
0.04149149149149149,0.08922163098190468,0.08916907627402799
0.04154154154154154,0.08850053704800635,0.08844660856167516
0.04159159159159159,0.08775756324067234,0.08770230963443605
0.04164164164164164,0.08699289324493667,0.08693636482701142
0.04169169169169169,0.08620671610973249,0.08614896479433265
0.04174174174174174,0.08539922620115425,0.08534030546259785
0.04179179179179179,0.08457062315440349,0.08451058797905046
0.04184184184184184,0.08372111182443513,0.08366001866043719
0.04189189189189189,0.08285090223531008,0.0827888089402487
0.04194194194194194,0.08196020952827265,0.08189717531464803
0.04199199199199199,0.08104925390855995,0.0809853392872294
0.04204204204204205,0.08011826059096219,0.08005352731250684
0.0420920920920921,0.07916745974414342,0.07910197073819795
0.04214214214214215,0.07819708643373595,0.07813090574638877
0.0421921921921922,0.07720738056422749,0.0771405732934005
0.04224224224224225,0.07619858681964747,0.07613121904865136
0.0422922922922923,0.07517095460307704,0.07510309333225383
0.04234234234234235,0.07412473797498791,0.0740564510515596
0.0423923923923924,0.07306019559043166,0.07299155163659021
0.04244244244244245,0.07197759063509387,0.07190865897436803
0.0424924924924925,0.07087719076022568,0.07080804134221061
0.04254254254254254,0.06975926801647492,0.06968997133993267
0.0425925925925926,0.0686240987866258,0.068554725821071
0.04264264264264264,0.06747196371727048,0.0674025858230614
0.04269269269269269,0.06630314764942528,0.06623383649644594
0.04274274274274274,0.06511793954810882,0.06504876703309799
0.04279279279279279,0.06391663243090417,0.06384767059351208
0.04284284284284284,0.06269952329551466,0.0626308442331448
0.04289289289289289,0.06146691304633841,0.06139858882785243
0.04294294294294294,0.06021910642007738,0.06015120899846057
0.04299299299299299,0.0589564119103959,0.05888901303443013
0.04304304304304304,0.05767914169165482,0.05761231281669362
0.04309309309309309,0.05638761154173186,0.05632142373967985
0.04314314314314315,0.05508214076395256,0.05501666463250988
0.0431931931931932,0.05376305210815105,0.05369835767940896
0.04324324324324325,0.05243067169087494,0.05236682833938556
0.0432932932932933,0.05108532891476304,0.05102240526515436
0.04334334334334335,0.04972735638710543,0.04966542022133182
0.0433933933933934,0.04835708983761576,0.04829620800195738
0.04344344344344345,0.04697486803542848,0.0469151063473266
0.0434934934934935,0.04558103270534478,0.04552245586017925
0.04354354354354355,0.04417592844335183,0.04411859992129422
0.0435935935935936,0.04275990263142546,0.04270388460440828
0.04364364364364365,0.04133330535165116,0.04127865859063676
0.0436936936936937,0.03989648929967059,0.03984327308228172
0.04374374374374375,0.0384498096974889,0.03839808171612619
0.0437937937937938,0.03699362420565208,0.03694344047622523
0.04384384384384385,0.03552829283482295,0.03547970760619694
0.04389389389389389,0.03405417785677922,0.03400724352106337
0.04394394394394395,0.03257164371484578,0.03252641071863668
0.04399399399399399,0.03108105693379908,0.03103757369053336
0.04404404404404404,0.02958278602924802,0.0295410988327258
0.04409409409409409,0.02807720141652848,0.02803735435579767
0.04414414414414414,0.02656467531912766,0.02652671019481681
0.04419419419419419,0.02504558167665686,0.02500953791891076
0.04424424424424424,0.02352029605240687,0.02348621064053176
0.0442942942942943,0.02198919554049631,0.02195710292446339
0.04434434434434435,0.02045265867264343,0.020422590696583
0.0443943943943944,0.01891106532458457,0.01888305115239664
0.04444444444444445,0.01736479662215572,0.01733886266537477
0.0444944944944945,0.01581423484707,0.01579040469515073
0.04454454454454455,0.01425976334240637,0.01423805769550134
0.0445945945945946,0.01270176641783553,0.01268220302229075
0.04464464464464465,0.01114062925461044,0.01112322284124626
0.0446946946946947,0.009576737810335596,0.00956150003569449
0.04474474474474475,0.008010478723551611,0.007997418114239437
0.0447947947947948,0.006442239218143882,0.006431361118428773
0.04484484484484485,0.004872407007612242,0.004863713530382408
0.0448948948948949,0.003301370199217749,0.003294860180493148
0.04494494494494495,0.001729517198029861,0.001725186155145625
0.044994994994995,0.0001572366109048341,0.0001550767044989515
0.04504504504504505,-0.001415082849591528,-0.001415082849600249
0.0450950950950951,-0.002987052461281471,-0.002984907205611891
0.04514514514514515,-0.004558283588480583,-0.004554011174149683
0.0451951951951952,-0.00612838777807794,-0.006122009769654995
0.04524524524524524,-0.007696976855571268,-0.007688518301865029
0.0452952952952953,-0.009263663021038525,-0.00925315246710116
0.04534534534534534,-0.01082805894500626,-0.01081552843927698
0.0453953953953954,-0.01238977786421512,-0.01237526296067333
0.04544544544544545,-0.01394843367723285,-0.01393197343240942
0.0454954954954955,-0.01550364103991171,-0.01548527800462213
0.04554554554554555,-0.01705501546065675,-0.01703479566628538
0.0455955955955956,-0.01860217339548008,-0.01858014633469977
0.04564564564564565,-0.0201447323428269,-0.02012095094460112
0.0456956956956957,-0.02168231093813745,-0.02165683153683987
0.04574574574574575,-0.02321452904813217,-0.02318741134667212
0.0457957957957958,-0.02474100786479193,-0.02471231489159042
0.04584584584584585,-0.02626136999900752,-0.02623116805867528
0.0458958958958959,-0.02777523957388312,-0.02774359819147293
0.04594594594594595,-0.02928224231766178,-0.0292492341763465
0.045995995995996,-0.03078200565625557,-0.03074770652831256
0.04604604604604605,-0.03227415880535856,-0.03223864747629102
0.0460960960960961,-0.03375833286211102,-0.03372169104781422
0.04614614614614615,-0.03523416089630645,-0.03519647315310793
0.0461961961961962,-0.03670127804110321,-0.03666263166857114
0.04624624624624625,-0.03815932158323238,-0.03811980651961598
0.0462962962962963,-0.03960793105266976,-0.03956763976281773
0.04634634634634635,-0.04104674831175249,-0.04100577566744634
0.0463963963963964,-0.04247541764372302,-0.04243386079623366
0.04644644644644645,-0.04389358584066975,-0.04385154408545906
0.0464964964964965,-0.04530090229085223,-0.04525847692427799
0.04654654654654655,-0.04669701906537945,-0.04665431323329867
0.0465965965965966,-0.04808159100422901,-0.04803870954239548
0.04664664664664665,-0.04945427580158152,-0.04941132506767566
0.0466966966966967,-0.05081473409044351,-0.05077182178771544
0.04674674674674675,-0.05216262952655464,-0.05211986451887117
0.0467967967967968,-0.05349762887153536,-0.05345512098980818
0.04684684684684685,-0.05481940207527698,-0.05477726191512024
0.0468968968968969,-0.05612762235753664,-0.05608596106809481
0.04694694694694695,-0.0574219662887272,-0.05738089535253486
0.046996996996997,-0.05870211386987918,-0.05866174487371133
0.04704704704704705,-0.05996774861175077,-0.05992819300832684
0.0470970970970971,-0.06121855761307565,-0.06117992647357823
0.04714714714714715,-0.06245423163791866,-0.06241663539520509
0.0471971971971972,-0.0636744651921282,-0.06363801337457939
0.04724724724724725,-0.06487895659886396,-0.06484375755480562
0.0472972972972973,-0.06606740807317781,-0.06603356868576242
0.04734734734734735,-0.06723952579563616,-0.06720715118817745
0.0473973973973974,-0.0683950199849596,-0.06836421321660532
0.04744744744744745,-0.06953360496966431,-0.06950446672137711
0.0474974974974975,-0.07065499925869029,-0.07062762750948895
0.04754754754754755,-0.07175892561099036,-0.07173341530435148
0.0475975975975976,-0.07284511110407502,-0.07282155380452635
0.04764764764764765,-0.07391328720148455,-0.07389177074127352
0.0476976976976977,-0.07496318981917931,-0.07494379793503167
0.04774774774774775,-0.07599455939082962,-0.07597737135074106
0.0477977977977978,-0.07700714093198578,-0.07699223115202292
0.04784784784784785,-0.07800068410311937,-0.07798812175420221
0.0478978978978979,-0.07897494327151273,-0.07896479187617156
0.04794794794794795,-0.07992967757198756,-0.07992199459106979
0.047997997997998,-0.08086465096645294,-0.08085948737576881
0.04804804804804805,-0.08177963230225915,-0.08177703215918035
0.0480980980980981,-0.08267439536934849,-0.08267439536932863
0.04814814814814815,-0.08354871895617696,-0.08355134797923064
0.0481981981981982,-0.08440238690440728,-0.08440766555154403
0.04824824824824825,-0.08523518816234663,-0.08524312828196751
0.0482982982982983,-0.08604691683712667,-0.08605752104142465
0.04834834834834835,-0.08683737224560496,-0.08685063341697918
0.0483983983983984,-0.08760635896397934,-0.08762225975150666
0.04844844844844845,-0.08835368687610368,-0.08837219918209605
0.0484984984984985,-0.08907917122048799,-0.08910025567717927
0.04854854854854855,-0.08978263263597852,-0.0898062380723907
0.0485985985985986,-0.09046389720609981,-0.09048996010515255
0.04864864864864865,-0.09112279650205196,-0.09115124044794341
0.0486986986986987,-0.09175916762435203,-0.09178990274032807
0.04874874874874875,-0.09237285324310605,-0.09240577561963544
0.0487987987987988,-0.09296370163690648,-0.09299869275036346
0.04884884884884885,-0.09353156673034178,-0.09356849285228326
0.0488988988988989,-0.09407630813011023,-0.09411501972722366
0.04894894894894895,-0.09459779115973027,-0.09463812228454938
0.048998998998999,-0.09509588689283491,-0.09513765456532579
0.04904904904904905,-0.09557047218504726,-0.09561347576517232
0.0490990990990991,-0.09602142970442502,-0.0960654502557786
0.04914914914914915,-0.09644864796046827,-0.09649344760513083
0.0491991991991992,-0.09685202133168386,-0.09689734259638474
0.04924924924924926,-0.09723145009169716,-0.09727701524545738
0.04929929929929931,-0.0975868404339082,-0.09763235081724292
0.04934934934934935,-0.09791810449468323,-0.09796323984056018
0.0493993993993994,-0.09822516037507729,-0.0982695781217342
0.04944944944944945,-0.09850793216108239,-0.09855126675688626
0.0494994994994995,-0.09876634994239507,-0.09880821214289669
0.04954954954954955,-0.09900034982970127,-0.09904032598702994
0.0495995995995996,-0.09920987397047112,-0.09924752531526168
0.04964964964964965,-0.09939487056326264,-0.09942973247929973
0.0496996996996997,-0.09955529387052789,-0.09958687516225255
0.04974974974974975,-0.09969110422992168,-0.09971888638302892
0.0497997997997998,-0.0998022680641068,-0.09982570449941
0.04984984984984985,-0.09988875788905591,-0.09990727320982379
0.0498998998998999,-0.09995055232084668,-0.0999635415538095
0.04994994994994995,-0.09998763608094843,-0.09999446391120491
0.05,-0.1,-0.1000000000000245
