0,-1.720630778730094e-05,-0.0001183110158133639
5.005005005005005e-05,-0.001435871370796153,-0.001789889076128523
0.0001001001001001001,-0.00315935564496233,-0.003465409072769138
0.0001501501501501502,-0.004882438743460268,-0.005144221426957884
0.0002002002002002002,-0.006604297983447505,-0.006825683074509482
0.0002502502502502502,-0.008324511610280121,-0.008509157596013407
0.0003003003003003003,-0.0100426588637797,-0.01019401538892727
0.0003503503503503504,-0.01175831951539897,-0.01187963378105994
0.0004004004004004004,-0.01347107396459624,-0.013565397171464
0.0004504504504504505,-0.01518050333572739,-0.01525069714414222
0.0005005005005005005,-0.01688618957481292,-0.01693493256857243
0.0005505505505505506,-0.0185877155460805,-0.01861750969372644
0.0006006006006006007,-0.02028466512832959,-0.02029784224070449
0.0006506506506506507,-0.02197662331111435,-0.02197535145574344
0.0007007007007007008,-0.02366317629052946,-0.02364946618574398
0.0007507507507507507,-0.02534391156505274,-0.02531962293807602
0.0008008008008008008,-0.02701841803080606,-0.02698526590888
0.0008508508508508509,-0.0286862860768567,-0.02864584702782244
0.0009009009009009009,-0.0303471076799713,-0.03030082598680303
0.000950950950950951,-0.03200047649929591,-0.03194967025083686
0.001001001001001001,-0.03364598797054768,-0.03359185507178339
0.001051051051051051,-0.03528323940006614,-0.03522686349825356
0.001101101101101101,-0.03691183005837494,-0.03685418636473676
0.001151151151151151,-0.03853136127350561,-0.0384733222778376
0.001201201201201201,-0.04014143652387757,-0.04008377759981051
0.001251251251251251,-0.04174166153088653,-0.04168506643965304
0.001301301301301301,-0.04333164435101784,-0.04327671060160096
0.001351351351351351,-0.04491099546760861,-0.04485823957210795
0.001401401401401402,-0.04647932788218933,-0.04642919045022394
0.001451451451451452,-0.04803625720534817,-0.04798910795755198
0.001501501501501501,-0.04958140174717425,-0.04953754431691099
0.001551551551551552,-0.0511143826072212,-0.05107405926894832
0.001601601601601602,-0.05263482376399086,-0.05259821997210392
0.001651651651651652,-0.05414235216391299,-0.05410960096597713
0.001701701701701702,-0.05563659780980874,-0.0556077840983937
0.001751751751751752,-0.05711719384879425,-0.0570923584742675
0.001801801801801802,-0.05858377665965543,-0.05856292036883821
0.001851851851851852,-0.06003598593968194,-0.06001907318896412
0.001901901901901902,-0.06147346479080407,-0.061460427368281
0.001951951951951952,-0.06289585980525535,-0.06288660033308585
0.002002002002002002,-0.06430282115050545,-0.06429721641184921
0.002052052052052052,-0.06569400265361588,-0.06569190676373222
0.002102102102102102,-0.06706906188487245,-0.06707030931703788
0.002152152152152152,-0.06842766024079203,-0.06843206868024707
0.002202202202202202,-0.0697694630263935,-0.06977683609843453
0.002252252252252252,-0.07109413953673342,-0.07110426935066858
0.002302302302302303,-0.07240136313775208,-0.07241403270878562
0.002352352352352352,-0.07369081134627892,-0.07370579685295184
0.002402402402402403,-0.07496216590934326,-0.07497923881592901
0.002452452452452453,-0.07621511288261593,-0.07623404189760363
0.002502502502502502,-0.07744934270803112,-0.0774698956285567
0.002552552552552553,-0.07866455029063023,-0.0786864957027803
0.002602602602602603,-0.07986043507443555,-0.07988354388722943
0.002652652652652653,-0.08103670111752932,-0.08106074801503914
0.002702702702702703,-0.08219305716619069,-0.08221782188859145
0.002752752752752753,-0.08332921672806055,-0.08335448526482622
0.002802802802802803,-0.08444489814445305,-0.08447046376600943
0.002852852852852853,-0.08553982466159374,-0.08556548887783443
0.002902902902902903,-0.08661372450093617,-0.08663929786783033
0.002952952952952953,-0.08766633092841812,-0.08769163376889652
0.003003003003003003,-0.08869738232270846,-0.08872224534540628
0.003053053053053053,-0.08970662224238402,-0.08973088703825045
0.003103103103103103,-0.09069379949202479,-0.09071731896452548
0.003153153153153153,-0.09165866818721299,-0.09168130686079148
0.003203203203203203,-0.09260098781840652,-0.09262262207765107
0.003253253253253253,-0.09352052331365325,-0.0935410415756696
0.003303303303303304,-0.09441704510017619,-0.09443634786533786
0.003353353353353353,-0.09529032916470556,-0.09530832903954028
0.003403403403403404,-0.09614015711267873,-0.09615677873249168
0.003453453453453454,-0.09696631622614149,-0.09698149613671464
0.003503503503503503,-0.09776859952044024,-0.09778228598211219
0.003553553553553554,-0.09854680579961878,-0.09855895855129848
0.003603603603603604,-0.09930073971050982,-0.09931132966773334
0.003653653653653654,-0.1000302117955552,-0.1000392207111226
0.003703703703703704,-0.1007350385442401,-0.1007424586385401
0.003753753753753754,-0.1014150424431964,-0.1014208759694092
0.003803803803803804,-0.1020700520249227,-0.1020743108325616
0.003853853853853854,-0.102699901915114,-0.1027026069559478
0.003903903903903904,-0.1033044328785722,-0.1033056136974484
0.003953953953953955,-0.1038834918636447,-0.103883186089635
0.004004004004004004,-0.1044369320452902,-0.1044351848271511
0.004054054054054054,-0.1049646128665915,-0.1049614763231242
0.004104104104104105,-0.1054664000787972,-0.1054619327312617
0.004154154154154154,-0.1059421657798981,-0.1059364319588275
0.004204204204204204,-0.1063917884515846,-0.1063848577325209
0.004254254254254255,-0.1068151529947592,-0.1068070996156342
0.004304304304304304,-0.1072121507634144,-0.1072030530356292
0.004354354354354354,-0.1075826795969586,-0.1075726193390812
0.004404404404404405,-0.1079266438509397,-0.1079157058287322
0.004454454454454455,-0.1082439544261811,-0.1082322257816743
0.004504504504504504,-0.1085345287962418,-0.1085220985182593
0.004554554554554555,-0.1087982910332867,-0.1087852494173886
0.004604604604604605,-0.1090351718322604,-0.1090216099780957
0.004654654654654655,-0.1092451085334316,-0.1092311178523583
0.004704704704704705,-0.1094280451432326,-0.1094137168802878
0.004754754754754755,-0.109583932353382,-0.1095693571409282
0.004804804804804805,-0.1097127275583533,-0.1096979949839167
0.004854854854854855,-0.1098143948710783,-0.1097995930887507
0.004904904904904905,-0.1098889051369495,-0.1098741204716225
0.004954954954954956,-0.1099362359460598,-0.1099215525603967
0.005005005005005005,-0.1099563716437297,-0.1099418712019128
0.005055055055055055,-0.1099493033392116,-0.1099350647226864
0.005105105105105106,-0.1099150289127045,-0.1099011279459325
0.005155155155155155,-0.1098535530205386,-0.1098400622415631
0.005205205205205205,-0.1097648870985928,-0.1097518755416901
0.005255255255255256,-0.1096490493639433,-0.1096365823899711
0.005305305305305306,-0.1095060648146807,-0.1094942039462208
0.005355355355355355,-0.1093359652279624,-0.1093247680397464
0.005405405405405406,-0.1091387891562382,-0.1091283091781255
0.005455455455455456,-0.1089145819216909,-0.1089048685713588
0.005505505505505505,-0.1086633956088349,-0.1086544941523293
0.005555555555555556,-0.1083852890553345,-0.1083772405958097
0.005605605605605606,-0.1080803278409733,-0.1080731693395319
0.005655655655655656,-0.1077485842748549,-0.1077423485755564
0.005705705705705706,-0.1073901373807411,-0.1073848532878069
0.005755755755755756,-0.1070050728805975,-0.1070007652391735
0.005805805805805806,-0.1065934831763289,-0.1065901729789388
0.005855855855855856,-0.1061554673296987,-0.1061531718498842
0.005905905905905906,-0.1056911310404031,-0.1056898639804501
0.005955955955955957,-0.1052005866224317,-0.1052003582775693
0.006006006006006006,-0.1046839529785165,-0.104684770424909
0.006056056056056056,-0.104141355572854,-0.1041432228649459
0.006106106106106107,-0.1035729264020336,-0.103575844789972
0.006156156156156156,-0.10297880396413,-0.1029827721143677
0.006206206206206206,-0.1023591332260883,-0.1023641474706158
0.006256256256256257,-0.1017140655892748,-0.1017201201596737
0.006306306306306307,-0.1010437588533122,-0.1010508461467167
0.006356356356356356,-0.1003483771781391,-0.1003564880180347
0.006406406406406407,-0.09962809104433921,-0.09963721494691219
0.006456456456456457,-0.09888307721169515,-0.0988932026642399
0.006506506506506506,-0.09811351867611352,-0.09812463340542073
0.006556556556556557,-0.09731960462474569,-0.09733169587142648
0.006606606606606607,-0.09650153038944913,-0.09651458519265305
0.006656656656656657,-0.095659497398575,-0.09567350285823387
0.006706706706706707,-0.09479371312709158,-0.09480865667856744
0.006756756756756757,-0.09390439104497132,-0.0939202607293553
0.006806806806806807,-0.09299175056408973,-0.09300853527436251
0.006856856856856857,-0.09205601698332448,-0.09207370672897805
0.006906906906906907,-0.09109742143219836,-0.09111600757716957
0.006956956956956958,-0.09011620081281671,-0.09013567630855496
0.007007007007007007,-0.08911259774028148,-0.08913295735142601
0.007057057057057057,-0.08808686048155587,-0.08810810099680566
0.007107107107107108,-0.08703924289275976,-0.08706136332553732
0.007157157157157158,-0.08597000435495199,-0.08599300612770708
0.007207207207207207,-0.0848794097084327,-0.08490329681713592
0.007257257257257258,-0.08376772918554715,-0.08379250836954996
0.007307307307307308,-0.08263523834200173,-0.08266091921036514
0.007357357357357357,-0.08148221798682095,-0.0815088131519522
0.007407407407407408,-0.08030895411078919,-0.08033647928819468
0.007457457457457458,-0.07911573781355834,-0.07914421191231587
0.007507507507507507,-0.07790286522936225,-0.07793231043041846
0.007557557557557558,-0.07667063745139104,-0.07670107924879735
0.007607607607607608,-0.0754193604547824,-0.075450827701078
0.007657657657657658,-0.07414934501841051,-0.07418186993276593
0.007707707707707708,-0.07286090664527056,-0.07289452481749295
0.007757757757757758,-0.07155436548171801,-0.07158911584289171
0.007807807807807808,-0.07023004623541371,-0.07026597102693223
0.007857857857857859,-0.06888827809202858,-0.06892542280267293
0.007907907907907909,-0.06752939463086946,-0.06756780791520739
0.007957957957957958,-0.06615373373926137,-0.06619346733507349
0.008008008008008008,-0.06476163752582226,-0.06480274612790322
0.008058058058058058,-0.06335345223261196,-0.0633959933746512
0.008108108108108109,-0.06192952814627469,-0.06197356204596589
0.008158158158158159,-0.06049021950806048,-0.06053580890958046
0.008208208208208209,-0.05903588442281393,-0.05908309441799398
0.008258258258258259,-0.05756688476703109,-0.05761578259750331
0.008308308308308308,-0.05608358609590414,-0.05613424094966607
0.008358358358358358,-0.05458635754938763,-0.05463884034050728
0.008408408408408409,-0.05307557175745876,-0.05312995488721167
0.008458458458458459,-0.0515516047443737,-0.05160796185779479
0.008508508508508509,-0.05001483583214942,-0.05007324156305405
0.00855855855855856,-0.04846564754316252,-0.0485261772444865
0.008608608608608608,-0.04690442550201462,-0.04696715497305644
0.008658658658658658,-0.04533155833651353,-0.04539656353584845
0.008708708708708709,-0.0437474375780861,-0.04381479432927472
0.008758758758758759,-0.04215245756128221,-0.04222224126308541
0.008808808808808809,-0.04054701532277098,-0.04061930063802897
0.00885885885885886,-0.03893151049955538,-0.03900637105523964
0.00890890890890891,-0.03730634522665802,-0.03738385330083725
0.008958958958958959,-0.03567192403414664,-0.03575215024672423
0.009009009009009009,-0.03402865374365063,-0.03411166674383857
0.009059059059059059,-0.03237694336432301,-0.03246280951449748
0.00910910910910911,-0.03071720398825582,-0.03080598705982609
0.00915915915915916,-0.02904984868555032,-0.02914160954890761
0.00920920920920921,-0.02737529239878712,-0.02747008871727102
0.00925925925925926,-0.02569395183723134,-0.02579183776901533
0.009309309309309309,-0.02400624537055749,-0.02410727127498191
0.009359359359359359,-0.0223125929222998,-0.02241680507055029
0.00940940940940941,-0.02061341586289862,-0.02072085615960473
0.00945945945945946,-0.0189091369025997,-0.01901984261517944
0.00950950950950951,-0.01720017998388828,-0.01731418347770335
0.009559559559559561,-0.01548697017397407,-0.01560429866686698
0.009609609609609611,-0.01376993355683156,-0.01389060887177402
0.009659659659659659,-0.01204949712519327,-0.01217353546346775
0.00970970970970971,-0.01032608867245113,-0.0104535004066631
0.00975975975975976,-0.00860013668431811,-0.008730926145722281
0.00980980980980981,-0.006872070230597109,-0.007006235528068977
0.009859859859859861,-0.00514231885677033,-0.005279851703315705
0.009909909909909911,-0.003411312475639713,-0.003552198028856417
0.00995995995995996,-0.001679481258988333,-0.001823697983595993
0.01001001001001001,5.274446936028231e-05,-9.477506841761973e-05
0.01006006006006006,0.00178493423700924,0.0016341472765959
0.01011011011011011,0.00351665768191598,0.003362645770781651
0.01016016016016016,0.005247484678559422,0.005090297377984299
0.01021021021021021,0.006976985382959682,0.00681667940081952
0.01026026026026026,0.0087047303402004,0.008541369560433006
0.01031031031031031,0.01043029059181719,0.0102639461023242
0.01036036036036036,0.01215323778292259,0.01198398786911969
0.01041041041041041,0.0138731442689805,0.01370107439798641
0.01046046046046046,0.01558958322237063,0.0154147860034023
0.01051051051051051,0.01730212873851568,0.01712470386962999
0.01056056056056056,0.01901035594172075,0.01883041013664626
0.01061061061061061,0.02071384109055821,0.02053148798561724
0.01066066066066066,0.02241216168286103,0.02222752172856535
0.01071071071071071,0.02410489656027894,0.02391809689325914
0.01076076076076076,0.02579162601232377,0.02560280031286566
0.01081081081081081,0.02747193187997016,0.02728122020849962
0.01086086086086086,0.02914539765867693,0.02895294628046574
0.01091091091091091,0.03081160860091789,0.030617569791312
0.01096096096096096,0.0324701518181105,0.03227468365374278
0.01101101101101101,0.03412061638196532,0.03392388251714681
0.01106106106106106,0.03576259342518578,0.03556476285350993
0.01111111111111111,0.03739567624162048,0.03719692304460327
0.01116116116116116,0.03901946038564179,0.03881996346553123
0.01121121121121121,0.04063354377094314,0.04043348657805072
0.01126126126126126,0.0422375267685848,0.0420370970081944
0.01131131131131131,0.04383101230433561,0.04363040163986218
0.01136136136136136,0.04541360595527109,0.04521300969752214
0.01141141141141141,0.04698491604565121,0.04678453283309515
0.01146146146146146,0.04854455374195016,0.04834458521554763
0.01151151151151151,0.05009213314719871,0.04989278361384201
0.01156156156156156,0.05162727139442022,0.05142874748545138
0.01161161161161161,0.05314958873929993,0.0529520990631959
0.01166166166166166,0.05465870865200662,0.0544624634421428
0.01171171171171171,0.05615425790815736,0.05595946866647807
0.01176176176176176,0.05763586667888947,0.05744274581544924
0.01181181181181181,0.05910316862012263,0.05891192908995456
0.01186186186186186,0.06055580096080578,0.06036665590121944
0.01191191191191191,0.06199340459040033,0.06180656695820043
0.01196196196196196,0.06341562414530025,0.06323130634932961
0.01201201201201201,0.06482210809443467,0.06464052163577785
0.01206206206206206,0.0662125088238294,0.06603386393250948
0.01211211211211211,0.06758648272030973,0.06741098799997669
0.01216216216216216,0.06894369025413773,0.06877155232223708
0.01221221221221221,0.07028379606073544,0.07011521920494508
0.01226226226226226,0.07160646902138797,0.07144165484875559
0.01231231231231231,0.07291138234296465,0.07275052944486331
0.01236236236236236,0.07419821363661083,0.07404151725522209
0.01241241241241241,0.07546664499545506,0.07531429669787516
0.01246246246246246,0.07671636307123593,0.07656855043172306
0.01251251251251251,0.07794705914990244,0.07780396544476138
0.01256256256256256,0.07915842922621885,0.0790202331310102
0.01261261261261261,0.08035017407720921,0.08021704937815091
0.01266266266266266,0.08152199933466293,0.08139411465041768
0.01271271271271271,0.08267361555640049,0.08255113407085676
0.01276276276276276,0.08380473829659704,0.08368781749988879
0.01281281281281281,0.08491508817490952,0.08480387962031596
0.01286286286286286,0.08600439094454827,0.08589904001505835
0.01291291291291291,0.08707237755916136,0.08697302324514178
0.01296296296296296,0.08811878423869708,0.08802555893450083
0.01301301301301301,0.08914335253398288,0.08905638184053874
0.01306306306306306,0.0901458293902538,0.09006523193476232
0.01311311311311311,0.09112596720946742,0.09105185447856352
0.01316316316316316,0.09208352391144177,0.09201600009699093
0.01321321321321321,0.09301826299380908,0.09295742485482672
0.01326326326326326,0.09392995359075121,0.09387589032580372
0.01331331331331331,0.09481837053052712,0.09477116366727197
0.01336336336336336,0.09568329439174428,0.09564301768928496
0.01341341341341341,0.09652451155839929,0.09649123092360588
0.01346346346346346,0.09734181427361882,0.09731558769145671
0.01351351351351351,0.09813500069221587,0.09811587817049496
0.01356356356356356,0.0989038749317921,0.09889189846015542
0.01361361361361361,0.09964824712267613,0.09964345064456893
0.01366366366366366,0.1003679334564169,0.1003703428546471
0.01371371371371371,0.1010627562330156,0.1010723893290765
0.01376376376376376,0.1017325439067352,0.1017494104725715
0.01381381381381381,0.1023771311305422,0.1024012329135308
0.01386386386386386,0.1029963587991395,0.1030276895614073
0.01391391391391392,0.1035900740906086,0.103628619657433
0.01396396396396397,0.1041581305065228,0.1042038688291363
0.01401401401401401,0.1047003879107021,0.1047532891406569
0.01406406406406406,0.1052167125664206,0.1052767391397245
0.01411411411411411,0.1057069771721516,0.1057740839064157
0.01416416416416416,0.1061710608957256,0.1062451950980504
0.01421421421421422,0.1066088494070177,0.1066899509881432
0.01426426426426427,0.1070202349090106,0.107108236514185
0.01431431431431432,0.1074051161673114,0.1074999433092598
0.01436436436436436,0.1077633985380877,0.1078649697435149
0.01441441441441441,0.1080949939942804,0.1082032209593583
0.01446446446446446,0.1083998211502738,0.1085146089012293
0.01451451451451452,0.108677805284823,0.1087990523487207
0.01456456456456457,0.1089288783623698,0.1090564769439274
0.01461461461461462,0.1091529790525838,0.1092868152179832
0.01466466466466467,0.1093500527482388,0.1094900066163292
0.01471471471471471,0.1095200515812849,0.1096659975191342
0.01476476476476477,0.1096629344372192,0.1098147412644154
0.01481481481481482,0.1097786669676243,0.1099361981604038
0.01486486486486487,0.1098672216009762,0.1100303355060593
0.01491491491491492,0.1099285775515941,0.1100971276025966
0.01496496496496497,0.109962720826794,0.1101365557630591
0.01501501501501501,0.1099696442321701,0.1101486083227706
0.01506506506506507,0.109949347375055,0.1101332806459362
0.01511511511511512,0.1099018366661085,0.1100905751284652
0.01516516516516517,0.1098271253190288,0.1100205012026016
0.01521521521521522,0.1097252333483835,0.1099230753328422
0.01526526526526527,0.1095961875655368,0.109798321017699
0.01531531531531532,0.1094400215726959,0.1096462687809025
0.01536536536536537,0.1092567757550034,0.1094669561671668
0.01541541541541542,0.1090464972707817,0.1092604277334653
0.01546546546546547,0.1088092400398145,0.1090267350325565
0.01551551551551552,0.1085450647297282,0.1087659366083857
0.01556556556556557,0.1082540387404277,0.1084780979703339
0.01561561561561562,0.1079362361866518,0.1081632915797674
0.01566566566566567,0.1075917378785234,0.1078215968320598
0.01571571571571572,0.107220631300368,0.1074531000292338
0.01576576576576577,0.1068230105873459,0.1070578943583973
0.01581581581581582,0.1063989765004407,0.1066360798640495
0.01586586586586586,0.1059486363993794,0.1061877634168858
0.01591591591591592,0.1054721042137494,0.1057130586882062
0.01596596596596597,0.1049695004121453,0.1052120861117042
0.01601601601601602,0.1044409519695913,0.1046849728513432
0.01606606606606607,0.1038865923328604,0.1041318527586578
0.01611611611611612,0.1033065613843422,0.10355286634292
0.01616616616616617,0.1027010054035411,0.1029481607186421
0.01621621621621622,0.1020700770273665,0.1023178895722171
0.01626626626626627,0.1014139352080898,0.1016622131108221
0.01631631631631632,0.1007327451699069,0.1009812980148309
0.01636636636636637,0.1000266783635176,0.1002753173941492
0.01641641641641642,0.09929591241908754,0.09954445072847182
0.01646646646646647,0.09854063109748952,0.09878888382270484
0.01651651651651652,0.09776102423978519,0.09800880874849119
0.01656656656656657,0.09695728771510903,0.09720442378723446
0.01661661661661662,0.09612962336693329,0.0963759333729573
0.01666666666666667,0.09527823895758095,0.0955235480315795
0.01671671671671672,0.09440334811141768,0.09464748431986808
0.01676676676676677,0.09350517025616774,0.09374796476260178
0.01681681681681682,0.09258393056298903,0.09282521778523356
0.01686686686686687,0.09163985988485061,0.0918794776486449
0.01691691691691692,0.09067319469351599,0.09091098438352774
0.01696696696696697,0.08968417701519535,0.08991998371336546
0.01701701701701702,0.08867305436452472,0.08890672699238401
0.01706706706706707,0.08764007967749678,0.08787147112590182
0.01711711711711712,0.08658551124278659,0.08681447849890431
0.01716716716716717,0.08550961263192731,0.08573601689910651
0.01721721721721722,0.08441265262812589,0.08463635944297766
0.01726726726726727,0.08329490515386943,0.08351578449310394
0.01731731731731732,0.08215664919737285,0.08237457558283905
0.01736736736736737,0.08099816873771068,0.08121302133196133
0.01741741741741742,0.07981975266897229,0.08003141536661287
0.01746746746746747,0.07862169472320071,0.07883005623554099
0.01751751751751752,0.07740429339220629,0.07760924732616264
0.01756756756756757,0.07616785184862476,0.07636929677713972
0.01761761761761762,0.07491267786550387,0.07511051739399212
0.01766766766766767,0.07363908373538629,0.07383322656079713
0.01771771771771772,0.07234738618807621,0.07253774615083812
0.01776776776776777,0.07103790630773546,0.07122440243740988
0.01781781781781782,0.06971096944902298,0.06989352600253515
0.01786786786786787,0.06836690515233272,0.06854545164869869
0.01791791791791792,0.06700604705831631,0.06718051830053032
0.01796796796796797,0.06562873282156337,0.0657990689188066
0.01801801801801802,0.06423530402350762,0.06440145039933212
0.01806806806806807,0.06282610608472247,0.06298801348594996
0.01811811811811812,0.06140148817634414,0.06155911266662684
0.01816816816816817,0.05996180313105996,0.06011510608544932
0.01821821821821822,0.05850740735322708,0.05865635544108453
0.01826826826826827,0.05703866072856852,0.05718322589089464
0.01831831831831832,0.05555592653320801,0.05569608595257564
0.01836836836836837,0.05405957134213984,0.05419530740658809
0.01841841841841842,0.05254996493726664,0.05268126519774766
0.01846846846846847,0.05102748021481088,0.05115433733465163
0.01851851851851852,0.0494924930923765,0.04961490479067655
0.01856856856856857,0.0479453824154813,0.04806335140248133
0.01861861861861862,0.04638652986368674,0.04650006377250511
0.01866866866866867,0.04481631985639813,0.0449254311661193
0.01871871871871872,0.04323513945813306,0.04333984541076773
0.01876876876876877,0.04164337828363805,0.04174370079577291
0.01881881881881882,0.04004142840248566,0.04013739396800321
0.01886886886886887,0.03842968424349457,0.03852132383383371
0.01891891891891892,0.03680854249879616,0.03689589145525862
0.01896896896896897,0.03517840202762725,0.0352614999495957
0.01901901901901902,0.03353966375997522,0.03361855438432294
0.01906906906906907,0.0318927305997851,0.03196746167860635
0.01911911911911912,0.03023800732823137,0.03030863049885755
0.01916916916916917,0.02857590050652706,0.02864247115790326
0.01921921921921922,0.02690681837873327,0.02696939551347409
0.01926926926926927,0.0252311707743912,0.02528981686252896
0.01931931931931932,0.02354936901092201,0.02360414984444185
0.01936936936936937,0.02186182579597971,0.02191281033728817
0.01941941941941942,0.02016895512971745,0.02021621535398937
0.01946946946946947,0.01847117220681453,0.01851478294478706
0.01951951951951952,0.01676889331868129,0.01680893209229665
0.01956956956956957,0.01506253575529788,0.01509908261304996
0.01961961961961962,0.01335251770726564,0.01338565505717039
0.01966966966966967,0.01163925816764355,0.01166907060463213
0.01971971971971972,0.009923176833873944,0.009949750966971396
0.01976976976976977,0.008204694009646102,0.008228118289213059
0.01981981981981982,0.006484230506732544,0.00650459504685483
0.01986986986986987,0.004762207547048773,0.004779603949751352
0.01991991991991992,0.003039046664329127,0.003053567840768569
0.01996996996996997,0.001315169606360811,0.001326909597754967
0.02002002002002002,-0.000409001752944438,-0.0003999479623183217
0.02007007007007007,-0.002133045408792362,-0.002126582183142531
0.02012012012012012,-0.003856539523949283,-0.00385257066744794
0.02017017017017017,-0.005579062473939472,-0.005577491370230554
0.02022022022022022,-0.007300192909411535,-0.007300922698299255
0.02027027027027027,-0.00901950985362099,-0.009022443603369481
0.02032032032032032,-0.01073659279982407,-0.01074163368232753
0.02037037037037037,-0.01245102180844635,-0.01245807326545427
0.02042042042042042,-0.0141623776042019,-0.01417134351515929
0.02047047047047047,-0.01587024167290442,-0.01588102651949938
0.02052052052052052,-0.01757419635826021,-0.01758670538565889
0.02057057057057057,-0.01927382495831709,-0.01928796432958164
0.02062062062062062,-0.0209687118218627,-0.02098438877506773
0.02067067067067067,-0.02265844244440406,-0.02267556543778187
0.02072072072072072,-0.02434260356415154,-0.02436108242238086
0.02077077077077077,-0.02602078325755724,-0.02604052931034978
0.02082082082082082,-0.02769257103470638,-0.02771349725066525
0.02087087087087087,-0.02935755793446099,-0.02937957905041669
0.02092092092092092,-0.03101533661913736,-0.03103836926385436
0.02097097097097097,-0.03266550146923385,-0.03268946427851274
0.02102102102102102,-0.03430764867740927,-0.03433246240821318
0.02107107107107107,-0.03594137634255603,-0.0359669639751338
0.02112112112112112,-0.03756628456320988,-0.03759257139840121
0.02117117117117117,-0.03918197553083196,-0.03920888928395227
0.02122122122122122,-0.04078805362257203,-0.04081552450698865
0.02127127127127127,-0.04238412549378506,-0.04241208629581644
0.02132132132132132,-0.04396980016995251,-0.04399818632008952
0.02137137137137137,-0.04554468913850659,-0.04557343877447571
0.02142142142142142,-0.04710840643982691,-0.04713746046185048
0.02147147147147147,-0.04866056875818184,-0.04868987087414073
0.02152152152152152,-0.0502007955119121,-0.05023029227922274
0.02157157157157157,-0.05172870894332339,-0.05175834979891585
0.02162162162162162,-0.05324393420800579,-0.05327367149449172
0.02167167167167167,-0.0547460994636271,-0.05477588844636472
0.02172172172172172,-0.05623483595832556,-0.05626463483016508
0.02177177177177177,-0.05770977811830322,-0.05773954800520771
0.02182182182182182,-0.05917056363522006,-0.05920026858728583
0.02187187187187187,-0.06061683355263161,-0.06064644053079651
0.02192192192192192,-0.0620482323521365,-0.06207771120596856
0.02197197197197197,-0.06346440803869242,-0.06349373147811904
0.02202202202202202,-0.06486501222537931,-0.06489415578317789
0.02207207207207207,-0.0662497002176059,-0.06627864220751489
0.02212212212212212,-0.06761813109645468,-0.06764685256197377
0.02217217217217217,-0.06896996780146217,-0.06899845245830924
0.02222222222222222,-0.070304877212648,-0.07033311138677958
0.02227227227227227,-0.07162253023182227,-0.07165050278849711
0.02232232232232232,-0.0729226018631632,-0.07295030413099478
0.02237237237237237,-0.0742047712929492,-0.07423219698228058
0.02242242242242242,-0.07546872196859787,-0.07549586708375186
0.02247247247247247,-0.07671414167678717,-0.07674100442344313
0.02252252252252252,-0.07794072262086149,-0.07796730330975482
0.02257257257257258,-0.07914816149727823,-0.07917446244059261
0.02262262262262262,-0.08033615957120474,-0.0803621849770447
0.02267267267267267,-0.08150442275131509,-0.08153017861272616
0.02272272272272272,-0.08265266166351007,-0.08267815564398316
0.02277277277277277,-0.08378059172380459,-0.08380583304114744
0.02282282282282282,-0.0848879332102719,-0.08491293251462483
0.02287287287287287,-0.08597441133379458,-0.08599918058845649
0.02292292292292292,-0.08703975630828409,-0.08706430866128467
0.02297297297297297,-0.08808370341927398,-0.08810805307854944
0.02302302302302302,-0.08910599309192846,-0.08913015519705761
0.02307307307307307,-0.09010637095774617,-0.09013036145226357
0.02312312312312313,-0.09108458792027564,-0.09110842342194311
0.02317317317317318,-0.09204040021970246,-0.09206409789145505
0.02322322322322323,-0.09297356949623549,-0.09299714691694771
0.02327327327327327,-0.09388386285243516,-0.09390733788856961
0.02332332332332332,-0.09477105291432669,-0.09479444359444958
0.02337337337337337,-0.09563491789119663,-0.09565824227863212
0.02342342342342342,-0.09647524163452577,-0.09649851770576204
0.02347347347347347,-0.09729181369507157,-0.0973150592171752
0.02352352352352352,-0.09808442937946711,-0.09810766179246769
0.02357357357357357,-0.0988528898047875,-0.09887612610601436
0.02362362362362362,-0.09959700195230226,-0.0996202585853783
0.02367367367367368,-0.1003165787197344,-0.1003398714663738
0.02372372372372373,-0.1010114389720933,-0.1010347828478772
0.02377377377377378,-0.1016814075914156,-0.1017048167461618
0.02382382382382383,-0.1023263155247519,-0.1023498031499715
0.02387387387387388,-0.1029459998310369,-0.1029695780700796
0.02392392392392393,-0.1035403037264114,-0.1035639835902388
0.02397397397397397,-0.1041090766280754,-0.1041328679184754
0.02402402402402402,-0.104652174196824,-0.1046760854329223
0.02407407407407407,-0.1051694583778817,-0.1051934967324677
0.02412412412412412,-0.1056607974404317,-0.1056849686797647
0.02417417417417417,-0.1061260660155351,-0.1061503744476572
0.02422422422422423,-0.1065651451324236,-0.1065895935616634
0.02427427427427428,-0.1069779222536023,-0.1070025119402216
0.02432432432432433,-0.1073642913077317,-0.1073890219392303
0.02437437437437438,-0.1077241527217642,-0.1077490223898759
0.02442442442442443,-0.1080574134506073,-0.1080824186295368
0.02447447447447448,-0.1083639870059166,-0.1083891225501521
0.02452452452452453,-0.1086437934826907,-0.1086690526207183
0.02457457457457458,-0.1088967595846028,-0.1089221339278031
0.02462462462462462,-0.1091228186474677,-0.1091482982028394
0.02467467467467467,-0.1093219106611381,-0.1093474838522116
0.02472472472472472,-0.1094939822895543,-0.1095196359874434
0.02477477477477477,-0.1096389868893891,-0.1096647064476315
0.02482482482482483,-0.1097568845265349,-0.1097826538263495
0.02487487487487488,-0.1098476419914607,-0.1098734434905135
0.02492492492492493,-0.1099112328122115,-0.109937047606282
0.02497497497497498,-0.1099476372661235,-0.1099734451521856
0.02502502502502503,-0.1099568423895684,-0.1099826219388447
0.02507507507507508,-0.1099388419859479,-0.1099645706224149
0.02512512512512513,-0.1098936366320866,-0.1099192907201099
0.02517517517517518,-0.1098212336825341,-0.1098467886141101
0.02522522522522523,-0.1097216472724558,-0.109747077567925
0.02527527527527528,-0.1095948983184024,-0.1096201777291129
0.02532532532532533,-0.1094410145174879,-0.1094661161341144
0.02537537537537538,-0.1092600303447148,-0.1092849267096353
0.02542542542542543,-0.1090519870483912,-0.1090766502746019
0.02547547547547548,-0.1088169326440058,-0.1088413345375665
0.02552552552552553,-0.1085549219059386,-0.1085790340914498
0.02557557557557558,-0.1082660163576455,-0.1082898104089505
0.02562562562562563,-0.1079502842599079,-0.1079737318326811
0.02567567567567568,-0.1076078005971397,-0.1076308735644407
0.02572572572572573,-0.1072386470623278,-0.1072613176545521
0.02577577577577578,-0.1068429120395307,-0.1068651529804525
0.02582582582582583,-0.1064206905850603,-0.1064424752363517
0.02587587587587588,-0.1059720844066562,-0.1059933869090868
0.02592592592592593,-0.1054972018407246,-0.105517997256694
0.02597597597597598,-0.1049961578282766,-0.1050164222853585
0.02602602602602603,-0.1044690738882311,-0.1044887847211762
0.02607607607607608,-0.1039160780899214,-0.1039352139816964
0.02612612612612613,-0.1033373050227829,-0.1033558461455937
0.02617617617617618,-0.1027328957652966,-0.1027508239159552
0.02622622622622623,-0.1021029978511173,-0.102120296591919
0.02627627627627628,-0.1014477652344771,-0.1014644200224008
0.02632632632632633,-0.1007673582527948,-0.1007833565704203
0.02637637637637638,-0.1000619435885646,-0.1000772750693187
0.02642642642642643,-0.09933169422848816,-0.09934635078145834
0.02647647647647648,-0.09857678942189999,-0.09859076534439265
0.02652652652652653,-0.09779741463645143,-0.09781070673005024
0.02657657657657658,-0.09699376151308042,-0.09700636918855221
0.02662662662662663,-0.09616602781846631,-0.09617795319660605
0.02667667667667668,-0.09531441739631918,-0.09532566540207205
0.02672672672672673,-0.09443914011683624,-0.09444971856823764
0.02677677677677678,-0.09354041182435013,-0.09355033151069195
0.02682682682682683,-0.09261845428385881,-0.09262772904216338
0.02687687687687688,-0.09167349512514425,-0.09168214190158325
0.02692692692692693,-0.09070576778612205,-0.09071380669703921
0.02697697697697698,-0.0897155114539549,-0.08972296583220629
0.02702702702702703,-0.088702971004976,-0.08870986743963925
0.02707707707707708,-0.0876683969429195,-0.08767476531209303
0.02712712712712713,-0.08661204533559894,-0.08661791882840633
0.02717717717717718,-0.08553417775024544,-0.08553959287884648
0.02722722722722723,-0.08443506118709057,-0.08444005779012331
0.02727727727727728,-0.08331496801169101,-0.08331958924637786
0.02732732732732733,-0.08217417588570808,-0.08217846821444802
0.02737737737737738,-0.08101296769627403,-0.08101698085614717
0.02742742742742743,-0.07983163148393729,-0.07983541845473704
0.02747747747747748,-0.07863046036926007,-0.07863407732279457
0.02752752752752753,-0.07740975247798934,-0.07741325872399681
0.02757757757757758,-0.07616981086494978,-0.07617326878398734
0.02762762762762763,-0.07491094343655896,-0.07491441840286656
0.02767767767767768,-0.07363346287209287,-0.07363702316692851
0.02772772772772773,-0.07233768654366442,-0.07234140325810282
0.02777777777777778,-0.07102393643493088,-0.07102788336498866
0.02782782782782783,-0.06969253905862464,-0.06969679258760492
0.02787787787787788,-0.06834382537283794,-0.06834846434586961
0.02792792792792793,-0.06697813069618641,-0.06698323628470627
0.02797797797797798,-0.06559579462174198,-0.06560145018210364
0.02802802802802803,-0.06419716092999186,-0.06420345184828614
0.02807807807807808,-0.06278257750051808,-0.06278959103231527
0.02812812812812813,-0.06135239622275833,-0.06136022132412328
0.02817817817817818,-0.05990697290567847,-0.0599157000535406
0.02822822822822823,-0.05844666718630871,-0.05845638819782634
0.02827827827827828,-0.05697184243761234,-0.05698265027483131
0.02832832832832833,-0.05548286567500958,-0.05549485424770127
0.02837837837837838,-0.05398010746222161,-0.05399337142287813
0.02842842842842843,-0.05246394181614396,-0.05247857634830817
0.02847847847847848,-0.05093474611076075,-0.05095084671613121
0.02852852852852853,-0.04939290098047609,-0.04941056325432642
0.02857857857857858,-0.04783879022222038,-0.04785810962917693
0.02862862862862863,-0.04627280069715894,-0.04629387234400527
0.02867867867867868,-0.04469532223138231,-0.04471824063261168
0.02872872872872873,-0.04310674751598746,-0.0431316063593052
0.02877877877877878,-0.04150747200642258,-0.04153436391465427
0.02882882882882883,-0.03989789382116714,-0.03992691011487056
0.02887887887887888,-0.03827841363976649,-0.03830964409532089
0.02892892892892893,-0.03664943460024936,-0.03668296721136836
0.02897897897897898,-0.03501136219596579,-0.03504728293110675
0.02902902902902903,-0.03336460417190948,-0.03340299673714482
0.02907907907907908,-0.03170957042043831,-0.03175051601929688
0.02912912912912913,-0.03004667287657288,-0.03009024997396248
0.02917917917917918,-0.02837632541282435,-0.02842260950245111
0.02922922922922923,-0.02669894373355801,-0.02674800710607543
0.02927927927927928,-0.02501494526900493,-0.02506685678682631
0.02932932932932933,-0.02332474906883074,-0.02337957394210748
0.02937937937937938,-0.02162877569547779,-0.0216865752649207
0.02942942942942943,-0.01992744711710914,-0.01998827864276808
0.02947947947947948,-0.01822118660025882,-0.0182851030541633
0.02952952952952953,-0.0165104186023447,-0.01657746847255046
0.02957957957957958,-0.01479556866387983,-0.01486579575831436
0.02962962962962963,-0.0130770633004861,-0.01315050656371913
0.02967967967967968,-0.01135532989485993,-0.01143202323584519
0.02972972972972973,-0.009630796588457472,-0.009710768709050927
0.02977977977977978,-0.007903892173227926,-0.007987166410369298
0.02982982982982983,-0.006175045983229996,-0.006261640160534199
0.02987987987987988,-0.00444468778619276,-0.004534614080215257
0.02992992992992993,-0.002713247675083887,-0.002806512481563434
0.02997997997997998,-0.0009811559597785945,-0.001077759779166822
0.03003003003003003,0.0007511569162050697,0.0006512196084344779
0.03008008008008008,0.002483260405142977,0.002380001358659154
0.03013013013013013,0.004214724178566044,0.004108161336843306
0.03018018018018018,0.005945118141587273,0.005835275694704626
0.03023023023023023,0.007674012522945222,0.007560920963912339
0.03028028028028028,0.009400977982717879,0.009284674154925775
0.03033033033033033,0.01112558571952312,0.01100611284466126
0.03038038038038038,0.01284740757774264,0.01272481527753772
0.03043043043043043,0.01456601615425084,0.01444036045344761
0.03048048048048048,0.01628098490490636,0.01615232822701702
0.03053053053053053,0.01799188825068284,0.01786029939342824
0.03058058058058058,0.01969830168349057,0.0195638557853495
0.03063063063063063,0.0213998018714182,0.02126258036447721
0.03068068068068068,0.02309596676376011,0.02295605731350642
0.03073073073073073,0.02478637569548803,0.02464387212343569
0.03078078078078078,0.02647060949117196,0.02632561168960419
0.03083083083083083,0.02814825056858771,0.02800086439940744
0.03088088088088088,0.02981888304160691,0.02966922022246835
0.03093093093093093,0.03148209282264015,0.03133027080148435
0.03098098098098098,0.0331374677244927,0.03298360953925648
0.03103103103103103,0.03478459756154838,0.03462883169207229
0.03108108108108108,0.03642307425050166,0.03626553445154794
0.03113113113113113,0.03805249191022871,0.03789331704038827
0.03118118118118118,0.03967244696115422,0.03951178079674696
0.03123123123123123,0.04128253822388155,0.04112052926011172
0.03128128128128128,0.04288236701707442,0.04271916826484448
0.03133133133133133,0.04447153725474122,0.04430730601792223
0.03138138138138138,0.04604965554258527,0.04588455319563391
0.03143143143143143,0.0476163312738172,0.04745052302350673
0.03148148148148149,0.04917117672394148,0.04900483136484262
0.03153153153153153,0.05071380714497994,0.05054709680659515
0.03158158158158159,0.05224384085863217,0.05207694074514026
0.03163163163163163,0.0537608993489741,0.05359398747016941
0.03168168168168169,0.0552646073537826,0.05509786425289329
0.03173173173173173,0.05675459295557915,0.05658820142465087
0.03178178178178179,0.05823048767129824,0.05806463246969815
0.03183183183183183,0.05969192654138692,0.05952679410304654
0.03188188188188189,0.06113854821784998,0.06097432635730729
0.03193193193193193,0.06256999505141082,0.06240687266374291
0.03198198198198199,0.06398591317784019,0.06382407993837844
0.03203203203203203,0.06538595260311901,0.0652255986643976
0.03208208208208209,0.06676976728776356,0.06661108297195789
0.03213213213213213,0.0681370152303676,0.06798019072421878
0.03218218218218218,0.06948735854977522,0.06933258359692765
0.03223223223223223,0.07082046356671112,0.07066792716232176
0.03228228228228228,0.07213600088395308,0.07198589096351676
0.03233233233233233,0.07343364546581639,0.07328614860780194
0.03238238238238238,0.0747130767165582,0.07456837783393808
0.03243243243243243,0.07597397855760357,0.07583226059913839
0.03248248248248248,0.07721603950403159,0.07707748315926476
0.03253253253253253,0.0784389527395158,0.07830373614288642
0.03258258258258259,0.07964241619073625,0.0795107146352885
0.03263263263263264,0.08082613260039247,0.08069811825135827
0.03268268268268269,0.08198980959923642,0.08186565121887437
0.03273273273273274,0.08313315977691235,0.08301302245002894
0.03278278278278279,0.08425590075190993,0.08413994561972858
0.03283283283283284,0.08535775524016451,0.08524613924238592
0.03288288288288288,0.086438451122666,0.08633132674662322
0.03293293293293294,0.08749772151187457,0.087395236548096
0.03298298298298298,0.08853530481707828,0.08843760212442361
0.03303303303303304,0.08955094480841666,0.08945816208796002
0.03308308308308308,0.09054439067996095,0.09045666025877494
0.03313313313313314,0.09151539711136449,0.09143284573213782
0.03318318318318318,0.09246372432855712,0.09238647295571797
0.03323323323323324,0.09338913816307345,0.09331730179329402
0.03328328328328328,0.09429141011011755,0.09422509759401013
0.03333333333333334,0.09517031738562562,0.0951096312638714
0.03338338338338338,0.09602564298178162,0.09597067932854125
0.03343343343343344,0.09685717572156968,0.09680802400192212
0.03348348348348348,0.09766471031175315,0.09762145324718283
0.03353353353353353,0.09844804739464004,0.09841076084243407
0.03358358358358358,0.09920699359886564,0.09917574644334803
0.03363363363363363,0.09994136158822617,0.09991621564466227
0.03368368368368369,0.1006509701098213,0.1006319800363075
0.03373373373373374,0.1013356440402785,0.1013228572660389
0.03378378378378379,0.1019952144309237,0.1019886710949849
0.03383383383383384,0.1026295185515572,0.1026292514522574
0.03388388388388389,0.1032383999326003,0.1032444344920512
0.03393393393393394,0.1038217084060258,0.1038340626443678
0.03398398398398399,0.1043793001446514,0.1043979846659216
0.03403403403403404,0.1049110377001011,0.1049360556930303
0.03408408408408409,0.105416790039236,0.1054481372860521
0.03413413413413414,0.1058964325789719,0.1059340974800121
0.03418418418418419,0.1063498472197491,0.1063938108258767
0.03423423423423423,0.1067769223772369,0.1068271584363219
0.03428428428428429,0.1071775530126673,0.1072340280258567
0.03433433433433433,0.10755164066139,0.107614313952315
0.03438438438438439,0.1078990934599828,0.1079679172516653
0.03443443443443443,0.1082198261715872,0.1082947456779313
0.03448448448448449,0.1085137602096909,0.1085947137346787
0.03453453453453453,0.1087808236601768,0.1088677427085315
0.03458458458458459,0.1090209513017158,0.1091137606978777
0.03463463463463463,0.1092340846244434,0.1093327026440373
0.03468468468468468,0.1094201718469154,0.1095245103541254
0.03473473473473473,0.1095791679312051,0.1096891325298251
0.03478478478478478,0.109711034596544,0.1098265247833867
0.03483483483483484,0.1098157403307738,0.1099366496619211
0.03488488488488489,0.1098932604003345,0.1100194766656116
0.03493493493493494,0.1099435768582902,0.1100749822624391
0.03498498498498499,0.1099666785504216,0.1101031498992491
0.03503503503503504,0.1099625611199589,0.1101039700173913
0.03508508508508509,0.1099312270097242,0.1100774400610849
0.03513513513513514,0.1098726854631105,0.1100235644782389
0.03518518518518519,0.1097869525227365,0.1099423547349217
0.03523523523523524,0.1096740510273877,0.1098338293111561
0.03528528528528529,0.1095340106071861,0.1096980137025251
0.03533533533533534,0.1093668676765586,0.1095349404180227
0.03538538538538539,0.109172665425602,0.1093446489758858
0.03543543543543544,0.108951453809403,0.1091271858970028
0.03548548548548549,0.1087032895353527,0.1088826046944138
0.03553553553553554,0.1084282360489041,0.1086109658625903
0.03558558558558559,0.1081263635169021,0.1083123368663669
0.03563563563563564,0.1077977488094931,0.1079867921191235
0.03568568568568568,0.1074424754797457,0.1076344129690619
0.03573573573573574,0.1070606337416664,0.1072552876784294
0.03578578578578578,0.1066523204460625,0.1068495113968591
0.03583583583583584,0.1062176390546993,0.106417186140804
0.03588588588588588,0.105756699612439,0.1059584207608867
0.03593593593593594,0.1052696187175837,0.1054733309166086
0.03598598598598599,0.1047565194903169,0.1049620390423756
0.03603603603603604,0.1042175315393023,0.1044246743119076
0.03608608608608609,0.103652790926358,0.1038613726040378
0.03613613613613614,0.1030624401294654,0.1032722764622875
0.03618618618618619,0.1024466280037799,0.1026575350537927
0.03623623623623624,0.1018055097410378,0.1020173041262401
0.03628628628628629,0.1011392468269611,0.101351745964758
0.03633633633633634,0.1004480069970606,0.1006610293406487
0.03638638638638639,0.09973196419071731,0.09994532946578583
0.03643643643643644,0.09899129850329878,0.09920482793824409
0.03648648648648649,0.09822619613710892,0.09843971268846055
0.03653653653653654,0.09743684934994931,0.09765017792801582
0.03658658658658659,0.09662345640261251,0.09683642408527338
0.03663663663663664,0.09578622150446764,0.09599865775235787
0.03668668668668669,0.09492535475760303,0.09513709161996291
0.03673673673673674,0.09404107209931588,0.09425194441468418
0.03678678678678679,0.09313359524297475,0.0933434408354492
0.03683683683683684,0.09220315161751926,0.09241181148490635
0.03688688688688689,0.09124997430556743,0.09145729280162948
0.03693693693693694,0.09027430197966181,0.09048012699086785
0.03698698698698699,0.08927637883765799,0.08948056195067446
0.03703703703703703,0.0882564545361427,0.08845885119962105
0.03708708708708709,0.08721478412306041,0.08741525380214495
0.03713713713713714,0.08615162796852874,0.08635003428987099
0.03718718718718719,0.08506725169461167,0.08526346258752837
0.03723723723723724,0.08396192610388263,0.08415581392828643
0.03728728728728729,0.0828359271066036,0.08302736877747802
0.03733733733733734,0.08168953564668198,0.08187841274739452
0.03738738738738739,0.0805230376266963,0.08070923651420071
0.03743743743743744,0.07933672383154795,0.07952013573544899
0.03748748748748749,0.0781308898512257,0.07831141096168737
0.03753753753753754,0.07690583600227346,0.07708336755020601
0.03758758758758759,0.07566186724840997,0.07583631557701295
0.03763763763763764,0.07439929312011452,0.07457056974648671
0.03768768768768769,0.07311842763328678,0.07328644930465067
0.03773773773773774,0.07181958920680989,0.07198427794309896
0.03778778778778779,0.07050310057933677,0.07066438370961498
0.03783783783783784,0.06916928872532295,0.0693270989153027
0.03788788788788789,0.06781848476992781,0.06797276004071799
0.03793793793793794,0.06645102390352538,0.06660170764131966
0.03798798798798799,0.06506724529492389,0.06521428625104178
0.03803803803803804,0.06366749200429631,0.06381084428715125
0.03808808808808809,0.06225211089518554,0.0623917339558893
0.03813813813813814,0.06082145254589265,0.06095731115086038
0.03818818818818819,0.05937587116014811,0.05950793535950515
0.03823823823823824,0.05791572447721803,0.05804396956292798
0.03828828828828829,0.05644137368131626,0.0565657801381203
0.03833833833833834,0.05495318331071408,0.05507373675811368
0.03838838838838839,0.05345152116585621,0.0535682122922745
0.03843843843843844,0.05193675821746731,0.05204958270867625
0.03848848848848849,0.05040926851378515,0.05051822697257692
0.03853853853853854,0.04886942908746066,0.04897452694568953
0.03858858858858859,0.04731761986206355,0.04741886728679059
0.03863863863863864,0.04575422355812712,0.04585163535061625
0.03868868868868869,0.04417962559886225,0.04427322108713699
0.03873873873873874,0.04259421401533518,0.04268401694075798
0.03878878878878879,0.04099837935143078,0.04108441774915662
0.03883883883883884,0.03939251456854007,0.03947482064271167
0.03888888888888889,0.03777701494978116,0.03785562494145818
0.03893893893893894,0.03615227800415125,0.03622723205822101
0.03898898898898899,0.03451870337015458,0.03459004539145967
0.03903903903903904,0.03287669271932235,0.03294447023272907
0.03908908908908909,0.03122664965961986,0.03129091365639929
0.03913913913913914,0.02956897963848839,0.02962978442601184
0.03918918918918919,0.02790408984566687,0.02796149289067967
0.03923923923923924,0.02623238911599413,0.02628645088618663
0.03928928928928929,0.02455428783194409,0.02460507163178111
0.03933933933933934,0.02287019782611463,0.02291776963485951
0.03938938938938939,0.0211805322835058,0.021224960585302
0.03943943943943944,0.01948570564366943,0.01952706126254894
0.03948948948948949,0.01778613350293179,0.01782448943044285
0.03953953953953954,0.01608223251637489,0.01611766374231019
0.03958958958958959,0.0143744202998246,0.01440700363752261
0.03963963963963964,0.01266311533181811,0.01269292925115177
0.03968968968968969,0.01094873685545692,0.01097586130617734
0.03973973973973974,0.009231704780338145,0.009256221022151258
0.0397897897897898,0.007512439584427762,0.00753443001575515
0.03983983983983984,0.005791362215927548,0.005810910203572512
0.0398898898898899,0.004068893995230121,0.004086083706687657
0.03993993993993994,0.002345456516835941,0.002360372750177401
0.03998998998999,0.0006214715513462846,0.0006341995730473303
0.04004004004004004,-0.001102639005135823,-0.001092013671804155
0.04009009009009009,-0.002826453207478603,-0.002817845012179359
0.04014014014014014,-0.004549549339196016,-0.004542872749544243
0.04019019019019019,-0.006271505904025306,-0.006266675556945338
0.04024024024024024,-0.007991901718558233,-0.007988832569418125
0.04029029029029029,-0.009710316009650733,-0.00970892347956284
0.04034034034034034,-0.01142632851171352,-0.0114265286329579
0.04039039039039039,-0.01313951956396727,-0.01314122911717254
0.04044044044044044,-0.01484947020739848,-0.01485260685688118
0.04049049049049049,-0.01655576228155654,-0.01656024470457322
0.04054054054054054,-0.01825797852129228,-0.01826372653591307
0.04059059059059059,-0.0199557026531921,-0.01996263733623918
0.04064064064064064,-0.02164851949180788,-0.02165656329393442
0.04069069069069069,-0.02333601503568053,-0.02334509189253714
0.04074074074074074,-0.02501777656312238,-0.02502781199715181
0.04079079079079079,-0.02669339272784441,-0.02670431394963579
0.04084084084084084,-0.02836245365414542,-0.02837418965217503
0.04089089089089089,-0.03002455103193906,-0.03003703266215312
0.04094094094094095,-0.03167927821151912,-0.03169243827584444
0.040990990990991,-0.03332623029793193,-0.03334000361787893
0.04104104104104105,-0.03496500424511421,-0.03497932773398513
0.04109109109109109,-0.03659519894965332,-0.03661001167100482
0.04114114114114115,-0.03821641534421188,-0.03823165857012314
0.04119119119119119,-0.03982825649066297,-0.03984387375087709
0.04124124124124125,-0.04143032767268252,-0.04144626479676147
0.04129129129129129,-0.04302223648812644,-0.04303844164391838
0.04134134134134135,-0.04460359294097464,-0.04462001666504017
0.04139139139139139,-0.04617400953282537,-0.04619060475434483
0.04144144144144144,-0.04773310135382652,-0.04774982341442374
0.04149149149149149,-0.04928048617342494,-0.04929729283814165
0.04154154154154154,-0.05081578453043077,-0.05083263599443936
0.04159159159159159,-0.05233861982280655,-0.05235547871079903
0.04164164164164164,-0.05384861839665973,-0.05386544975957471
0.04169169169169169,-0.05534540963487652,-0.05536218093640471
0.04174174174174174,-0.05682862604545995,-0.05684530714586832
0.04179179179179179,-0.05829790334881255,-0.05831446648348013
0.04184184184184184,-0.05975288056500526,-0.05976930031582613
0.04189189189189189,-0.06119320009994781,-0.06120945336203919
0.04194194194194194,-0.06261850783118776,-0.06263457377550982
0.04199199199199199,-0.06402845319327694,-0.06404431322530693
0.04204204204204205,-0.06542268926217625,-0.06543832697329229
0.0420920920920921,-0.06680087283916444,-0.06681627395547729
0.04214214214214215,-0.06816266453395277,-0.06817781686019925
0.0421921921921922,-0.06950772884716962,-0.06952262220814506
0.04224224224224225,-0.07083573425233784,-0.0708503604267858
0.0422922922922923,-0.07214635327663299,-0.07216070593516166
0.04234234234234235,-0.07343926258131132,-0.07345333721047277
0.0423923923923924,-0.07471414304112339,-0.07472793687335019
0.04244244244244245,-0.07597067982306452,-0.075984191760953
0.0424924924924925,-0.07720856246420522,-0.07722179299868331
0.04254254254254254,-0.07842748494864242,-0.07844043608262316
0.0425925925925926,-0.07962714578383789,-0.07963982094568886
0.04264264264264264,-0.08080724807579838,-0.08081965203668481
0.04269269269269269,-0.08196749960328084,-0.08197963838941671
0.04274274274274274,-0.08310761289154699,-0.08311949369852463
0.04279279279279279,-0.08422730528466726,-0.08423893638800399
0.04284284284284284,-0.08532629901709529,-0.08533768968266391
0.04289289289289289,-0.08640432128418621,-0.0864154816814551
0.04294294294294294,-0.08746110431166459,-0.08747204542011733
0.04299299299299299,-0.0884963854242258,-0.08850711894664298
0.04304304304304304,-0.08950990711299314,-0.0895204453848618
0.04309309309309309,-0.0905014171017391,-0.09051177300331073
0.04314314314314315,-0.09147066841203838,-0.09148085528054575
0.0431931931931932,-0.09241741942782224,-0.09242745096978333
0.04324324324324325,-0.09334143395790749,-0.09335132416477039
0.0432932932932933,-0.09424248129818988,-0.09425224436179078
0.04334334334334335,-0.09512033629193574,-0.0951299865226567
0.0433933933933934,-0.09597477938945638,-0.09598433113720638
0.04344344344344345,-0.0968055967062713,-0.09681506428062092
0.0434934934934935,-0.09761258008004302,-0.09762197767650936
0.04354354354354355,-0.09839552712615007,-0.09840486875199696
0.0435935935935936,-0.09915424129231415,-0.09916354069926533
0.04364364364364365,-0.09988853191132757,-0.09989780252512787
0.0436936936936937,-0.1005982142532504,-0.1006074691130293
0.04374374374374375,-0.1012831095752779,-0.1012923612713331
0.0437937937937938,-0.1019430451712327,-0.1019523057896934
0.04384384384384385,-0.1025778544189059,-0.1025871354865956
0.04389389389389389,-0.1031873768262302,-0.1031966892627828
0.04394394394394395,-0.1037714580761944,-0.1037808121489301
0.04399399399399399,-0.104329950070146,-0.1043393553495703
0.04404404404404404,-0.1048627109695882,-0.1048721762964269
0.04409409409409409,-0.1053696052365435,-0.1053791386849966
0.04414414414414414,-0.1058505036722683,-0.1058601125253884
0.04419419419419419,-0.1063052834549063,-0.1063149741749311
0.04424424424424424,-0.1067338281749108,-0.1067436063882783
0.0442942942942943,-0.1071360278695266,-0.1071458983474657
0.04434434434434435,-0.1075117790552549,-0.1075217457055678
0.0443943943943944,-0.107860984758943,-0.1078710506187652
0.04444444444444445,-0.1081835545472734,-0.1081937217808326
0.0444944944944945,-0.1084794045545656,-0.1084896744564227
0.04454454454454455,-0.1087484575089269,-0.1087588305121855
0.0445945945945946,-0.1089906427566722,-0.1090011184421314
0.04464464464464465,-0.1092058962854359,-0.1092164734006593
0.0446946946946947,-0.1093941607451108,-0.1094048372247014
0.04474474474474475,-0.109555385467455,-0.1095661584580905
0.0447947947947948,-0.1096895264837378,-0.109700392372256
0.04484484484484485,-0.1097965465409365,-0.10980750099001
0.0448948948948949,-0.1098764151160914,-0.1098874531022993
0.04494494494494495,-0.109929108428733,-0.1099402242833097
0.044994994994995,-0.1099546094518533,-0.1099657969082008
0.04504504504504505,-0.1099529079209954,-0.1099641601630794
0.0450950950950951,-0.109924000341439,-0.1099353100588099
0.04514514514514515,-0.1098678899940257,-0.1098792494377935
0.0451951951951952,-0.10978458693866,-0.1097959879824687
0.04524524524524524,-0.1096741080164306,-0.1096855422205001
0.0452952952952953,-0.1095364768497907,-0.1095479355262947
0.04534534534534534,-0.1093717238408273,-0.1093831981286831
0.0453953953953954,-0.1091798861681419,-0.1091913670989115
0.04544544544544545,-0.1089610077813242,-0.1089724863584784
0.0454954954954955,-0.1087151393940786,-0.1087266066697921
0.04554554554554555,-0.1084423384754296,-0.1084537856297936
0.0455955955955956,-0.1081426692387959,-0.10815408766101
0.04564564564564565,-0.1078162026300759,-0.1078275840021792
0.0456956956956957,-0.1074630163127983,-0.1074743526924714
0.04574574574574575,-0.1070831946523035,-0.1070944785636991
0.0457957957957958,-0.1066768286978087,-0.1066880532115547
0.04584584584584585,-0.1062440161627205,-0.1062551749890612
0.0458958958958959,-0.1057848614030196,-0.1057959489757133
0.04594594594594595,-0.1052994753939861,-0.105310486962194
0.045995995995996,-0.1047879757050413,-0.1047989074179781
0.04604604604604605,-0.1042504864728753,-0.1042613354702348
0.0460960960960961,-0.1036871383726893,-0.1036979028694661
0.04614614614614615,-0.1030980685876422,-0.1031087479626036
0.0461961961961962,-0.1024834207766176,-0.1024940156557085
0.04624624624624625,-0.1018433450402177,-0.1018538573818856
0.0462962962962963,-0.1011779978848543,-0.1011884310592473
0.04634634634634635,-0.1004875421852248,-0.1004979010572614
0.0463963963963964,-0.09977214714501181,-0.09978243815027285
0.04644644644644645,-0.09903198825581115,-0.09904221947503331
0.0464964964964965,-0.09826724725441495,-0.09827742848674886
0.04654654654654655,-0.09747811207816474,-0.09748825490742322
0.0465965965965966,-0.09666477681908249,-0.09667489468278731
0.04664664664664665,-0.09582744167577495,-0.0958375499228149
0.0466966966966967,-0.09496631290389462,-0.09497642885449653
0.04674674674674675,-0.09408160276507395,-0.09409174576122313
0.0467967967967968,-0.09317352947394243,-0.09318372092829474
0.04684684684684685,-0.09224231714395023,-0.09225258058598347
0.0468968968968969,-0.0912881957309542,-0.09129855683940992
0.04694694694694695,-0.09031140097568886,-0.09032188761378038
0.046996996996997,-0.08931217434463048,-0.08932281658565203
0.04704704704704705,-0.08829076296891315,-0.08830159311577362
0.0470970970970971,-0.08724741958247485,-0.08725847218112168
0.04714714714714715,-0.08618240245766411,-0.08619371430348205
0.0471971971971972,-0.08509597534007576,-0.08510758547743061
0.04724724724724725,-0.08398840738179192,-0.08400035709558962
0.0472972972972973,-0.08285997307293019,-0.08287230587218922
0.04734734734734735,-0.08171095217202134,-0.08172371376835826
0.0473973973973974,-0.08054162963460673,-0.0805548679078692
0.04744744744744745,-0.07935229554080481,-0.07936606049880085
0.0474974974974975,-0.07814324502139729,-0.07815758875041146
0.04754754754754755,-0.07691477818240985,-0.07692975478786118
0.0475975975975976,-0.07566720002842917,-0.07568286556990114
0.04764764764764765,-0.07440082038476072,-0.07441723279346429
0.0476976976976977,-0.07311595381810986,-0.07313317281196249
0.04774774774774775,-0.07181291955606517,-0.07183100654123961
0.0477977977977978,-0.0704920414054297,-0.07051105936800764
0.04784784784784785,-0.06915364766912939,-0.06917366105567044
0.0478978978978979,-0.06779807106221859,-0.06781914564942862
0.04794794794794795,-0.06642564862647753,-0.06644785138003673
0.047997997997998,-0.06503672164393573,-0.0650601205656148
0.04804804804804805,-0.06363163554942923,-0.06365629951325309
0.0480980980980981,-0.06221073984194819,-0.06223673841621546
0.04814814814814815,-0.0607743879947913,-0.06080179125382636
0.0481981981981982,-0.05932293736498462,-0.05935181569056391
0.04824824824824825,-0.05785674910145923,-0.05788717296386395
0.0482982982982983,-0.05637618805255167,-0.05640822778912247
0.04834834834834835,-0.05488162267207038,-0.05491534824569747
0.0483983983983984,-0.05337342492480567,-0.05340890566977718
0.04844844844844845,-0.05185197019117541,-0.05188927455055751
0.0484984984984985,-0.05031763717073997,-0.05035683241184445
0.04854854854854855,-0.04877080778524742,-0.04881195971119683
0.0485985985985986,-0.04721186708041451,-0.04725503971764144
0.04864864864864865,-0.04564120312724443,-0.04568645840638013
0.0486986986986987,-0.04405920692261703,-0.04410660434147063
0.04874874874874875,-0.04246627228901351,-0.04251586856122776
0.0487987987987988,-0.04086279577362939,-0.04091464446681105
0.04884884884884885,-0.03924917654670836,-0.03930332769801641
0.0488988988988989,-0.03762581629940368,-0.03768231602130306
0.04894894894894895,-0.03599311914105706,-0.03605200921281747
0.048998998998999,-0.03435149149563605,-0.03441280893655216
0.04904904904904905,-0.03270134199802001,-0.03276511862772301
0.0490990990990991,-0.03104308138940412,-0.03110934336969398
0.04914914914914915,-0.02937712241250688,-0.0294458897767158
0.0491991991991992,-0.02770387970612929,-0.02777516587155075
0.04924924924924926,-0.02602376969946387,-0.0260975809643587
0.04929929929929931,-0.02433721050582589,-0.0244135455292195
0.04934934934934935,-0.02264462181625683,-0.02272347108277388
0.0493993993993994,-0.02094642479250123,-0.02102777006140886
0.04944944944944945,-0.0192430419600365,-0.01932685569736509
0.0494994994994995,-0.01753489710054277,-0.01762114189782613
0.04954954954954955,-0.01582241514430791,-0.0159110431153425
0.0495995995995996,-0.01410602206227942,-0.01419697422900349
0.04964964964964965,-0.01238614475817201,-0.01247935041869463
0.0496996996996997,-0.01066321096016915,-0.01075858704005003
0.04974974974974975,-0.00893764911275422,-0.009035099498306436
0.0497997997997998,-0.007209888268187497,-0.00730930312620206
0.04984984984984985,-0.005480357978210697,-0.005581613059025957
0.0498998998998999,-0.003749488185550451,-0.003852444109412715
0.04994994994994995,-0.002017709115540353,-0.002122210638944627
0.05,-0.0002854511675885928,-0.0003913264413777599
